DROP DATABASE IF EXISTS cine;
CREATE DATABASE cine;
USE cine;

CREATE TABLE peliculas(
id		INT(50) NOT NULL,
nombre		VARCHAR(50) NOT NULL,
sinopsis	VARCHAR(500)NOT NULL,
duracion	VARCHAR(250)NOT NULL,
PRIMARY KEY(id));

CREATE TABLE salas(
id		INT(10) NOT NULL,
PRIMARY KEY (id));

CREATE TABLE asientos(
id		INT(250) NOT NULL,
fila		VARCHAR(250) NOT NULL,
asiento		VARCHAR(250) NOT NULL,
idSala		INT(10) NOT NULL,
PRIMARY KEY(id),
FOREIGN KEY(idSala) REFERENCES salas(id));

CREATE TABLE funciones(
id		INT(50) NOT NULL,
idPelicula	INT(50) NOT NULL,
idSala		INT(50) NOT NULL,
fecha		VARCHAR(50) NOT NULL,
hora		VARCHAR(50) NOT NULL,
PRIMARY KEY(id),
FOREIGN KEY(idPelicula) REFERENCES peliculas(id),
FOREIGN KEY(idSala) REFERENCES salas(id));

CREATE TABLE reservas(
idFuncion	INT(255) NOT NULL,
idAsiento	INT(255) NOT NULL,
reservado	INT(2));

CREATE TABLE entradas(
id		INT(255) primary key auto_increment NOT NULL ,
idFuncion	INT(255),
idAsiento	INT(255),
FOREIGN KEY(idFuncion) REFERENCES funciones(id),
FOREIGN KEY(idAsiento) REFERENCES asientos(id));



INSERT INTO peliculas VALUES(1,'Spider-Man: Homecoming','Peter Parker comienza su vida como superheroe y debera enfrentarse a los problemas de Nueva York','2h');
INSERT INTO peliculas VALUES(2,'Joker','Arthur es un hombre golpeado por la sociedad con problemas e ira transformandose en el villano de Gotham','2h 15min');
INSERT INTO peliculas VALUES(3,'1917','Historia que trata un suceso historico de la segunda guerra mundial, basado en hechos reales','2h 10min');
INSERT INTO peliculas VALUES(4,'Fast & Furious 9','Novena entrega de la mitica saga de coches donde Toretto debera enfrentarse a su hermano','2h');
INSERT INTO peliculas VALUES(5,'Sonic: La Pelicula','Pelicula del mitico erizo azul donde debera enfrentarse a su mayor rival el dr. Robotnik para volver a su mundo','1h 30min');
INSERT INTO peliculas VALUES(6,'The Batman','Adaptacion del superheroe de DC interpretado por Robbert Patison donde se veran los inicios del personaje','2h 15min');
INSERT INTO peliculas VALUES(7,'Moonlight','Historia dramatica en la que observamos la infancia, juventud y adultez de un muchacho que sufre los efectos de la sociedad','2h');
INSERT INTO peliculas VALUES(8,'Adu','Dos hermanos intentan llegar a Europa pasando por todas las dificultades cuya unica opcion pasa por un avion que sale de Camerun','1h 30min');
INSERT INTO peliculas VALUES(9,'Toy Story 4','Woody y sus amigos vuelven para su ultima aventura donde deberan integrar a un nuevo juguete hecho por su nuevo propietario','1h 40min');
INSERT INTO peliculas VALUES(10,'Star Wars Episodio IX','Ultima pelicula de la saga que comenzo en la decada de los 70, donde se decidira el destino de la galaxia','2h 20min');
INSERT INTO peliculas VALUES(11,'IT Capitulo 2','Segunda parte de la obra de Stephen King donde el club de los perdedores deberan enfrentarse al payaso Pennywise','2h 35min');
INSERT INTO peliculas VALUES(12,'John Wick 3: Parabellum','John debera enfrentarse a todos los asesinos del mundo tras romper la regla primordial de El Continental','2h 20min');
INSERT INTO peliculas VALUES(13,'Ad Astra','Brad Pitt interpreta a un ingeniero que perdio a su padre en un viaje al espacio y 2 decadas mas tarde debera llevar a cabo un viaje para recuperarle','2h');
INSERT INTO peliculas VALUES(14,'Ford vs Ferrari','Basada en hechos reales donde se ve como Ford intenta por primera vez plantar cara a Ferrari en Le Mans','2h 30min');
INSERT INTO peliculas VALUES(15,'El Irlandes','Un veterano de guerra recuerda su participacion en el asesinato de Jimmy Hoffa.','3h 30min');

INSERT INTO salas VALUES(1);
INSERT INTO salas VALUES(2);
INSERT INTO salas VALUES(3);
INSERT INTO salas VALUES(4);

INSERT INTO asientos VALUES(1,'A','1',1);
INSERT INTO asientos VALUES(2,'A','2',1);
INSERT INTO asientos VALUES(3,'A','3',1);
INSERT INTO asientos VALUES(4,'A','4',1);
INSERT INTO asientos VALUES(5,'A','5',1);
INSERT INTO asientos VALUES(6,'A','6',1);
INSERT INTO asientos VALUES(7,'B','1',1);
INSERT INTO asientos VALUES(8,'B','2',1);
INSERT INTO asientos VALUES(9,'B','3',1);
INSERT INTO asientos VALUES(10,'B','4',1);
INSERT INTO asientos VALUES(11,'B','5',1);
INSERT INTO asientos VALUES(12,'B','6',1);
INSERT INTO asientos VALUES(13,'C','1',1);
INSERT INTO asientos VALUES(14,'C','2',1);
INSERT INTO asientos VALUES(15,'C','3',1);
INSERT INTO asientos VALUES(16,'C','4',1);
INSERT INTO asientos VALUES(17,'C','5',1);
INSERT INTO asientos VALUES(18,'C','6',1);
INSERT INTO asientos VALUES(19,'D','1',1);
INSERT INTO asientos VALUES(20,'D','2',1);
INSERT INTO asientos VALUES(21,'D','3',1);
INSERT INTO asientos VALUES(22,'D','4',1);
INSERT INTO asientos VALUES(23,'D','5',1);
INSERT INTO asientos VALUES(24,'D','6',1);
INSERT INTO asientos VALUES(25,'E','1',1);
INSERT INTO asientos VALUES(26,'E','2',1);
INSERT INTO asientos VALUES(27,'E','3',1);
INSERT INTO asientos VALUES(28,'E','4',1);
INSERT INTO asientos VALUES(29,'E','5',1);
INSERT INTO asientos VALUES(30,'E','6',1);

INSERT INTO asientos VALUES(31,'A','1',2);
INSERT INTO asientos VALUES(32,'A','2',2);
INSERT INTO asientos VALUES(33,'A','3',2);
INSERT INTO asientos VALUES(34,'A','4',2);
INSERT INTO asientos VALUES(35,'A','5',2);
INSERT INTO asientos VALUES(36,'A','6',2);
INSERT INTO asientos VALUES(37,'B','1',2);
INSERT INTO asientos VALUES(38,'B','2',2);
INSERT INTO asientos VALUES(39,'B','3',2);
INSERT INTO asientos VALUES(40,'B','4',2);
INSERT INTO asientos VALUES(41,'B','5',2);
INSERT INTO asientos VALUES(42,'B','6',2);
INSERT INTO asientos VALUES(43,'C','1',2);
INSERT INTO asientos VALUES(44,'C','2',2);
INSERT INTO asientos VALUES(45,'C','3',2);
INSERT INTO asientos VALUES(46,'C','4',2);
INSERT INTO asientos VALUES(47,'C','5',2);
INSERT INTO asientos VALUES(48,'C','6',2);
INSERT INTO asientos VALUES(49,'D','1',2);
INSERT INTO asientos VALUES(50,'D','2',2);
INSERT INTO asientos VALUES(51,'D','3',2);
INSERT INTO asientos VALUES(52,'D','4',2);
INSERT INTO asientos VALUES(53,'D','5',2);
INSERT INTO asientos VALUES(54,'D','6',2);
INSERT INTO asientos VALUES(55,'E','1',2);
INSERT INTO asientos VALUES(56,'E','2',2);
INSERT INTO asientos VALUES(57,'E','3',2);
INSERT INTO asientos VALUES(58,'E','4',2);
INSERT INTO asientos VALUES(59,'E','5',2);
INSERT INTO asientos VALUES(60,'E','6',2);

INSERT INTO asientos VALUES(61,'A','1',3);
INSERT INTO asientos VALUES(62,'A','2',3);
INSERT INTO asientos VALUES(63,'A','3',3);
INSERT INTO asientos VALUES(64,'A','4',3);
INSERT INTO asientos VALUES(65,'A','5',3);
INSERT INTO asientos VALUES(66,'A','6',3);
INSERT INTO asientos VALUES(67,'B','1',3);
INSERT INTO asientos VALUES(68,'B','2',3);
INSERT INTO asientos VALUES(69,'B','3',3);
INSERT INTO asientos VALUES(70,'B','4',3);
INSERT INTO asientos VALUES(71,'B','5',3);
INSERT INTO asientos VALUES(72,'B','6',3);
INSERT INTO asientos VALUES(73,'C','1',3);
INSERT INTO asientos VALUES(74,'C','2',3);
INSERT INTO asientos VALUES(75,'C','3',3);
INSERT INTO asientos VALUES(76,'C','4',3);
INSERT INTO asientos VALUES(77,'C','5',3);
INSERT INTO asientos VALUES(78,'C','6',3);
INSERT INTO asientos VALUES(79,'D','1',3);
INSERT INTO asientos VALUES(80,'D','2',3);
INSERT INTO asientos VALUES(81,'D','3',3);
INSERT INTO asientos VALUES(82,'D','4',3);
INSERT INTO asientos VALUES(83,'D','5',3);
INSERT INTO asientos VALUES(84,'D','6',3);
INSERT INTO asientos VALUES(85,'E','1',3);
INSERT INTO asientos VALUES(86,'E','2',3);
INSERT INTO asientos VALUES(87,'E','3',3);
INSERT INTO asientos VALUES(88,'E','4',3);
INSERT INTO asientos VALUES(89,'E','5',3);
INSERT INTO asientos VALUES(90,'E','6',3);

INSERT INTO asientos VALUES(91,'A','1',4);
INSERT INTO asientos VALUES(92,'A','2',4);
INSERT INTO asientos VALUES(93,'A','3',4);
INSERT INTO asientos VALUES(94,'A','4',4);
INSERT INTO asientos VALUES(95,'A','5',4);
INSERT INTO asientos VALUES(96,'A','6',4);
INSERT INTO asientos VALUES(97,'B','1',4);
INSERT INTO asientos VALUES(98,'B','2',4);
INSERT INTO asientos VALUES(99,'B','3',4);
INSERT INTO asientos VALUES(100,'B','4',4);
INSERT INTO asientos VALUES(101,'B','5',4);
INSERT INTO asientos VALUES(102,'B','6',4);
INSERT INTO asientos VALUES(103,'C','1',4);
INSERT INTO asientos VALUES(104,'C','2',4);
INSERT INTO asientos VALUES(105,'C','3',4);
INSERT INTO asientos VALUES(106,'C','4',4);
INSERT INTO asientos VALUES(107,'C','5',4);
INSERT INTO asientos VALUES(108,'C','6',4);
INSERT INTO asientos VALUES(109,'D','1',4);
INSERT INTO asientos VALUES(110,'D','2',4);
INSERT INTO asientos VALUES(111,'D','3',4);
INSERT INTO asientos VALUES(112,'D','4',4);
INSERT INTO asientos VALUES(113,'D','5',4);
INSERT INTO asientos VALUES(114,'D','6',4);
INSERT INTO asientos VALUES(115,'E','1',4);
INSERT INTO asientos VALUES(116,'E','2',4);
INSERT INTO asientos VALUES(117,'E','3',4);
INSERT INTO asientos VALUES(118,'E','4',4);
INSERT INTO asientos VALUES(119,'E','5',4);
INSERT INTO asientos VALUES(120,'E','6',4);

INSERT INTO funciones VALUES(1,1,1,'6-3-2020','17:30');
INSERT INTO funciones VALUES(2,1,1,'6-3-2020','19:30');
INSERT INTO funciones VALUES(3,1,1,'9-3-2020','17:30');
INSERT INTO funciones VALUES(4,1,1,'9-3-2020','19:30');
INSERT INTO funciones VALUES(5,1,1,'10-3-2020','17:30');
INSERT INTO funciones VALUES(6,1,1,'10-3-2020','19:30');
INSERT INTO funciones VALUES(7,1,1,'11-3-2020','17:30');
INSERT INTO funciones VALUES(8,1,1,'11-3-2020','19:30');
INSERT INTO funciones VALUES(9,1,1,'12-3-2020','17:30');
INSERT INTO funciones VALUES(10,1,1,'12-3-2020','19:30');

INSERT INTO funciones VALUES(11,2,2,'6-3-2020','16:30');
INSERT INTO funciones VALUES(12,2,2,'6-3-2020','18:45');
INSERT INTO funciones VALUES(13,2,2,'9-3-2020','16:30');
INSERT INTO funciones VALUES(14,2,2,'9-3-2020','18:45');
INSERT INTO funciones VALUES(15,2,2,'10-3-2020','16:30');
INSERT INTO funciones VALUES(16,2,2,'10-3-2020','18:45');
INSERT INTO funciones VALUES(17,2,2,'11-3-2020','16:30');
INSERT INTO funciones VALUES(18,2,2,'11-3-2020','18:45');
INSERT INTO funciones VALUES(19,2,2,'12-3-2020','16:30');
INSERT INTO funciones VALUES(20,2,2,'12-3-2020','18:45');

INSERT INTO funciones VALUES(21,3,3,'6-3-2020','17:00');
INSERT INTO funciones VALUES(22,3,3,'6-3-2020','19:10');
INSERT INTO funciones VALUES(23,3,3,'9-3-2020','17:00');
INSERT INTO funciones VALUES(24,3,3,'9-3-2020','19:10');
INSERT INTO funciones VALUES(25,3,3,'10-3-2020','17:00');
INSERT INTO funciones VALUES(26,3,3,'10-3-2020','19:10');
INSERT INTO funciones VALUES(27,3,3,'11-3-2020','17:00');
INSERT INTO funciones VALUES(28,3,3,'11-3-2020','19:10');
INSERT INTO funciones VALUES(29,3,3,'12-3-2020','17:00');
INSERT INTO funciones VALUES(30,3,3,'12-3-2020','19:10');

INSERT INTO funciones VALUES(31,4,4,'6-3-2020','18:00');
INSERT INTO funciones VALUES(32,4,4,'6-3-2020','20:00');
INSERT INTO funciones VALUES(33,4,4,'9-3-2020','18:00');
INSERT INTO funciones VALUES(34,4,4,'9-3-2020','20:00');
INSERT INTO funciones VALUES(35,4,4,'10-3-2020','18:00');
INSERT INTO funciones VALUES(36,4,4,'10-3-2020','20:00');
INSERT INTO funciones VALUES(37,4,4,'11-3-2020','18:00');
INSERT INTO funciones VALUES(38,4,4,'11-3-2020','20:00');
INSERT INTO funciones VALUES(39,4,4,'12-3-2020','18:00');
INSERT INTO funciones VALUES(40,4,4,'12-3-2020','20:00');

INSERT INTO funciones VALUES(41,5,1,'13-3-2020','18:00');
INSERT INTO funciones VALUES(42,5,1,'13-3-2020','19:30');
INSERT INTO funciones VALUES(43,5,1,'16-3-2020','18:00');
INSERT INTO funciones VALUES(44,5,1,'16-3-2020','19:30');
INSERT INTO funciones VALUES(45,5,1,'17-3-2020','18:00');
INSERT INTO funciones VALUES(46,5,1,'17-3-2020','19:30');
INSERT INTO funciones VALUES(47,5,1,'18-3-2020','18:00');
INSERT INTO funciones VALUES(48,5,1,'18-3-2020','19:30');
INSERT INTO funciones VALUES(49,5,1,'19-3-2020','18:00');
INSERT INTO funciones VALUES(50,5,1,'19-3-2020','19:30');

INSERT INTO funciones VALUES(51,6,2,'13-3-2020','18:00');
INSERT INTO funciones VALUES(52,6,2,'13-3-2020','20:15');
INSERT INTO funciones VALUES(53,6,2,'16-3-2020','18:00');
INSERT INTO funciones VALUES(54,6,2,'16-3-2020','20:15');
INSERT INTO funciones VALUES(55,6,2,'17-3-2020','18:00');
INSERT INTO funciones VALUES(56,6,2,'17-3-2020','20:15');
INSERT INTO funciones VALUES(57,6,2,'18-3-2020','18:00');
INSERT INTO funciones VALUES(58,6,2,'18-3-2020','20:15');
INSERT INTO funciones VALUES(59,6,2,'19-3-2020','18:00');
INSERT INTO funciones VALUES(60,6,2,'19-3-2020','20:15');

INSERT INTO funciones VALUES(61,7,3,'13-3-2020','17:00');
INSERT INTO funciones VALUES(62,7,3,'13-3-2020','19:15');
INSERT INTO funciones VALUES(63,7,3,'16-3-2020','17:00');
INSERT INTO funciones VALUES(64,7,3,'16-3-2020','19:15');
INSERT INTO funciones VALUES(65,7,3,'17-3-2020','17:00');
INSERT INTO funciones VALUES(66,7,3,'17-3-2020','19:15');
INSERT INTO funciones VALUES(67,7,3,'18-3-2020','17:00');
INSERT INTO funciones VALUES(68,7,3,'18-3-2020','19:15');
INSERT INTO funciones VALUES(69,7,3,'19-3-2020','17:00');
INSERT INTO funciones VALUES(70,7,3,'19-3-2020','19:15');

INSERT INTO funciones VALUES(71,8,4,'13-3-2020','17:00');
INSERT INTO funciones VALUES(72,8,4,'13-3-2020','18:45');
INSERT INTO funciones VALUES(73,8,4,'16-3-2020','17:00');
INSERT INTO funciones VALUES(74,8,4,'16-3-2020','18:45');
INSERT INTO funciones VALUES(75,8,4,'17-3-2020','17:00');
INSERT INTO funciones VALUES(76,8,4,'17-3-2020','18:45');
INSERT INTO funciones VALUES(77,8,4,'18-3-2020','17:00');
INSERT INTO funciones VALUES(78,8,4,'18-3-2020','18:45');
INSERT INTO funciones VALUES(79,8,4,'19-3-2020','17:00');
INSERT INTO funciones VALUES(80,8,4,'19-3-2020','18:45');

INSERT INTO funciones VALUES(81,9,1,'20-3-2020','17:00');
INSERT INTO funciones VALUES(82,9,1,'20-3-2020','19:00');
INSERT INTO funciones VALUES(83,9,1,'23-3-2020','17:00');
INSERT INTO funciones VALUES(84,9,1,'23-3-2020','19:00');
INSERT INTO funciones VALUES(85,9,1,'24-3-2020','17:00');
INSERT INTO funciones VALUES(86,9,1,'24-3-2020','19:00');
INSERT INTO funciones VALUES(87,9,1,'25-3-2020','17:00');
INSERT INTO funciones VALUES(88,9,1,'25-3-2020','19:00');
INSERT INTO funciones VALUES(89,9,1,'26-3-2020','17:00');
INSERT INTO funciones VALUES(90,9,1,'26-3-2020','19:00');

INSERT INTO funciones VALUES(91,10,2,'20-3-2020','18:00');
INSERT INTO funciones VALUES(92,10,2,'20-3-2020','20:30');
INSERT INTO funciones VALUES(93,10,2,'23-3-2020','18:00');
INSERT INTO funciones VALUES(94,10,2,'23-3-2020','20:30');
INSERT INTO funciones VALUES(95,10,2,'24-3-2020','18:00');
INSERT INTO funciones VALUES(96,10,2,'24-3-2020','20:30');
INSERT INTO funciones VALUES(97,10,2,'25-3-2020','18:00');
INSERT INTO funciones VALUES(98,10,2,'25-3-2020','20:30');
INSERT INTO funciones VALUES(99,10,2,'26-3-2020','18:00');
INSERT INTO funciones VALUES(100,10,2,'26-3-2020','20:30');

INSERT INTO funciones VALUES(101,11,3,'20-3-2020','17:00');
INSERT INTO funciones VALUES(102,11,3,'20-3-2020','20:00');
INSERT INTO funciones VALUES(103,11,3,'23-3-2020','17:00');
INSERT INTO funciones VALUES(104,11,3,'23-3-2020','20:00');
INSERT INTO funciones VALUES(105,11,3,'24-3-2020','17:00');
INSERT INTO funciones VALUES(106,11,3,'24-3-2020','20:00');
INSERT INTO funciones VALUES(107,11,3,'25-3-2020','17:00');
INSERT INTO funciones VALUES(108,11,3,'25-3-2020','20:00');
INSERT INTO funciones VALUES(109,11,3,'26-3-2020','17:00');
INSERT INTO funciones VALUES(110,11,3,'26-3-2020','20:00');

INSERT INTO funciones VALUES(111,12,4,'20-3-2020','16:30');
INSERT INTO funciones VALUES(112,12,4,'20-3-2020','19:00');
INSERT INTO funciones VALUES(113,12,4,'23-3-2020','16:30');
INSERT INTO funciones VALUES(114,12,4,'23-3-2020','19:00');
INSERT INTO funciones VALUES(115,12,4,'24-3-2020','16:30');
INSERT INTO funciones VALUES(116,12,4,'24-3-2020','19:00');
INSERT INTO funciones VALUES(117,12,4,'25-3-2020','16:30');
INSERT INTO funciones VALUES(118,12,4,'25-3-2020','19:00');
INSERT INTO funciones VALUES(119,12,4,'26-3-2020','16:30');
INSERT INTO funciones VALUES(120,12,4,'26-3-2020','19:00');

INSERT INTO funciones VALUES(121,13,1,'27-3-2020','17:30');
INSERT INTO funciones VALUES(122,13,1,'27-3-2020','19:45');
INSERT INTO funciones VALUES(123,13,1,'30-3-2020','17:30');
INSERT INTO funciones VALUES(124,13,1,'30-3-2020','19:45');
INSERT INTO funciones VALUES(125,13,1,'31-3-2020','17:30');
INSERT INTO funciones VALUES(126,13,1,'31-3-2020','19:45');
INSERT INTO funciones VALUES(127,13,1,'1-4-2020','17:30');
INSERT INTO funciones VALUES(128,13,1,'1-4-2020','19:45');
INSERT INTO funciones VALUES(129,13,1,'2-4-2020','17:30');
INSERT INTO funciones VALUES(130,13,1,'2-4-2020','19:45');

INSERT INTO funciones VALUES(131,14,2,'27-3-2020','17:30');
INSERT INTO funciones VALUES(132,14,2,'27-3-2020','20:15');
INSERT INTO funciones VALUES(133,14,2,'30-3-2020','17:30');
INSERT INTO funciones VALUES(134,14,2,'30-3-2020','20:15');
INSERT INTO funciones VALUES(135,14,2,'31-3-2020','17:30');
INSERT INTO funciones VALUES(136,14,2,'31-3-2020','20:15');
INSERT INTO funciones VALUES(137,14,2,'1-4-2020','17:30');
INSERT INTO funciones VALUES(138,14,2,'1-4-2020','20:15');
INSERT INTO funciones VALUES(139,14,2,'2-4-2020','17:30');
INSERT INTO funciones VALUES(140,14,2,'2-4-2020','20:15');

INSERT INTO funciones VALUES(141,15,2,'27-3-2020','16:30');
INSERT INTO funciones VALUES(142,15,2,'27-3-2020','20:15');
INSERT INTO funciones VALUES(143,15,2,'30-3-2020','16:30');
INSERT INTO funciones VALUES(144,15,2,'30-3-2020','20:15');
INSERT INTO funciones VALUES(145,15,2,'31-3-2020','16:30');
INSERT INTO funciones VALUES(146,15,2,'31-3-2020','20:15');
INSERT INTO funciones VALUES(147,15,2,'1-4-2020','16:30');
INSERT INTO funciones VALUES(148,15,2,'1-4-2020','20:15');
INSERT INTO funciones VALUES(149,15,2,'2-4-2020','16:30');
INSERT INTO funciones VALUES(150,15,2,'2-4-2020','20:15');

INSERT INTO reservas VALUES(1,1,0);
INSERT INTO reservas VALUES(1,2,0);
INSERT INTO reservas VALUES(1,3,0);
INSERT INTO reservas VALUES(1,4,0);
INSERT INTO reservas VALUES(1,5,0);
INSERT INTO reservas VALUES(1,6,0);
INSERT INTO reservas VALUES(1,7,0);
INSERT INTO reservas VALUES(1,8,0);
INSERT INTO reservas VALUES(1,9,0);
INSERT INTO reservas VALUES(1,10,0);
INSERT INTO reservas VALUES(1,11,0);
INSERT INTO reservas VALUES(1,12,0);
INSERT INTO reservas VALUES(1,13,0);
INSERT INTO reservas VALUES(1,14,0);
INSERT INTO reservas VALUES(1,15,0);
INSERT INTO reservas VALUES(1,16,0);
INSERT INTO reservas VALUES(1,17,0);
INSERT INTO reservas VALUES(1,18,0);
INSERT INTO reservas VALUES(1,19,0);
INSERT INTO reservas VALUES(1,20,0);
INSERT INTO reservas VALUES(1,21,0);
INSERT INTO reservas VALUES(1,22,0);
INSERT INTO reservas VALUES(1,23,0);
INSERT INTO reservas VALUES(1,24,0);
INSERT INTO reservas VALUES(1,25,0);
INSERT INTO reservas VALUES(1,26,0);
INSERT INTO reservas VALUES(1,27,0);
INSERT INTO reservas VALUES(1,28,0);
INSERT INTO reservas VALUES(1,29,0);
INSERT INTO reservas VALUES(1,30,0);

INSERT INTO reservas VALUES(2,1,0);
INSERT INTO reservas VALUES(2,2,0);
INSERT INTO reservas VALUES(2,3,0);
INSERT INTO reservas VALUES(2,4,0);
INSERT INTO reservas VALUES(2,5,0);
INSERT INTO reservas VALUES(2,6,0);
INSERT INTO reservas VALUES(2,7,0);
INSERT INTO reservas VALUES(2,8,0);
INSERT INTO reservas VALUES(2,9,0);
INSERT INTO reservas VALUES(2,10,0);
INSERT INTO reservas VALUES(2,11,0);
INSERT INTO reservas VALUES(2,12,0);
INSERT INTO reservas VALUES(2,13,0);
INSERT INTO reservas VALUES(2,14,0);
INSERT INTO reservas VALUES(2,15,0);
INSERT INTO reservas VALUES(2,16,0);
INSERT INTO reservas VALUES(2,17,0);
INSERT INTO reservas VALUES(2,18,0);
INSERT INTO reservas VALUES(2,19,0);
INSERT INTO reservas VALUES(2,20,0);
INSERT INTO reservas VALUES(2,21,0);
INSERT INTO reservas VALUES(2,22,0);
INSERT INTO reservas VALUES(2,23,0);
INSERT INTO reservas VALUES(2,24,0);
INSERT INTO reservas VALUES(2,25,0);
INSERT INTO reservas VALUES(2,26,0);
INSERT INTO reservas VALUES(2,27,0);
INSERT INTO reservas VALUES(2,28,0);
INSERT INTO reservas VALUES(2,29,0);
INSERT INTO reservas VALUES(2,30,0);

INSERT INTO reservas VALUES(3,1,0);
INSERT INTO reservas VALUES(3,2,0);
INSERT INTO reservas VALUES(3,3,0);
INSERT INTO reservas VALUES(3,4,0);
INSERT INTO reservas VALUES(3,5,0);
INSERT INTO reservas VALUES(3,6,0);
INSERT INTO reservas VALUES(3,7,0);
INSERT INTO reservas VALUES(3,8,0);
INSERT INTO reservas VALUES(3,9,0);
INSERT INTO reservas VALUES(3,10,0);
INSERT INTO reservas VALUES(3,11,0);
INSERT INTO reservas VALUES(3,12,0);
INSERT INTO reservas VALUES(3,13,0);
INSERT INTO reservas VALUES(3,14,0);
INSERT INTO reservas VALUES(3,15,0);
INSERT INTO reservas VALUES(3,16,0);
INSERT INTO reservas VALUES(3,17,0);
INSERT INTO reservas VALUES(3,18,0);
INSERT INTO reservas VALUES(3,19,0);
INSERT INTO reservas VALUES(3,20,0);
INSERT INTO reservas VALUES(3,21,0);
INSERT INTO reservas VALUES(3,22,0);
INSERT INTO reservas VALUES(3,23,0);
INSERT INTO reservas VALUES(3,24,0);
INSERT INTO reservas VALUES(3,25,0);
INSERT INTO reservas VALUES(3,26,0);
INSERT INTO reservas VALUES(3,27,0);
INSERT INTO reservas VALUES(3,28,0);
INSERT INTO reservas VALUES(3,29,0);
INSERT INTO reservas VALUES(3,30,0);

INSERT INTO reservas VALUES(4,1,0);
INSERT INTO reservas VALUES(4,2,0);
INSERT INTO reservas VALUES(4,3,0);
INSERT INTO reservas VALUES(4,4,0);
INSERT INTO reservas VALUES(4,5,0);
INSERT INTO reservas VALUES(4,6,0);
INSERT INTO reservas VALUES(4,7,0);
INSERT INTO reservas VALUES(4,8,0);
INSERT INTO reservas VALUES(4,9,0);
INSERT INTO reservas VALUES(4,10,0);
INSERT INTO reservas VALUES(4,11,0);
INSERT INTO reservas VALUES(4,12,0);
INSERT INTO reservas VALUES(4,13,0);
INSERT INTO reservas VALUES(4,14,0);
INSERT INTO reservas VALUES(4,15,0);
INSERT INTO reservas VALUES(4,16,0);
INSERT INTO reservas VALUES(4,17,0);
INSERT INTO reservas VALUES(4,18,0);
INSERT INTO reservas VALUES(4,19,0);
INSERT INTO reservas VALUES(4,20,0);
INSERT INTO reservas VALUES(4,21,0);
INSERT INTO reservas VALUES(4,22,0);
INSERT INTO reservas VALUES(4,23,0);
INSERT INTO reservas VALUES(4,24,0);
INSERT INTO reservas VALUES(4,25,0);
INSERT INTO reservas VALUES(4,26,0);
INSERT INTO reservas VALUES(4,27,0);
INSERT INTO reservas VALUES(4,28,0);
INSERT INTO reservas VALUES(4,29,0);
INSERT INTO reservas VALUES(4,30,0);

INSERT INTO reservas VALUES(5,1,0);
INSERT INTO reservas VALUES(5,2,0);
INSERT INTO reservas VALUES(5,3,0);
INSERT INTO reservas VALUES(5,4,0);
INSERT INTO reservas VALUES(5,5,0);
INSERT INTO reservas VALUES(5,6,0);
INSERT INTO reservas VALUES(5,7,0);
INSERT INTO reservas VALUES(5,8,0);
INSERT INTO reservas VALUES(5,9,0);
INSERT INTO reservas VALUES(5,10,0);
INSERT INTO reservas VALUES(5,11,0);
INSERT INTO reservas VALUES(5,12,0);
INSERT INTO reservas VALUES(5,13,0);
INSERT INTO reservas VALUES(5,14,0);
INSERT INTO reservas VALUES(5,15,0);
INSERT INTO reservas VALUES(5,16,0);
INSERT INTO reservas VALUES(5,17,0);
INSERT INTO reservas VALUES(5,18,0);
INSERT INTO reservas VALUES(5,19,0);
INSERT INTO reservas VALUES(5,20,0);
INSERT INTO reservas VALUES(5,21,0);
INSERT INTO reservas VALUES(5,22,0);
INSERT INTO reservas VALUES(5,23,0);
INSERT INTO reservas VALUES(5,24,0);
INSERT INTO reservas VALUES(5,25,0);
INSERT INTO reservas VALUES(5,26,0);
INSERT INTO reservas VALUES(5,27,0);
INSERT INTO reservas VALUES(5,28,0);
INSERT INTO reservas VALUES(5,29,0);
INSERT INTO reservas VALUES(5,30,0);

INSERT INTO reservas VALUES(6,1,0);
INSERT INTO reservas VALUES(6,2,0);
INSERT INTO reservas VALUES(6,3,0);
INSERT INTO reservas VALUES(6,4,0);
INSERT INTO reservas VALUES(6,5,0);
INSERT INTO reservas VALUES(6,6,0);
INSERT INTO reservas VALUES(6,7,0);
INSERT INTO reservas VALUES(6,8,0);
INSERT INTO reservas VALUES(6,9,0);
INSERT INTO reservas VALUES(6,10,0);
INSERT INTO reservas VALUES(6,11,0);
INSERT INTO reservas VALUES(6,12,0);
INSERT INTO reservas VALUES(6,13,0);
INSERT INTO reservas VALUES(6,14,0);
INSERT INTO reservas VALUES(6,15,0);
INSERT INTO reservas VALUES(6,16,0);
INSERT INTO reservas VALUES(6,17,0);
INSERT INTO reservas VALUES(6,18,0);
INSERT INTO reservas VALUES(6,19,0);
INSERT INTO reservas VALUES(6,20,0);
INSERT INTO reservas VALUES(6,21,0);
INSERT INTO reservas VALUES(6,22,0);
INSERT INTO reservas VALUES(6,23,0);
INSERT INTO reservas VALUES(6,24,0);
INSERT INTO reservas VALUES(6,25,0);
INSERT INTO reservas VALUES(6,26,0);
INSERT INTO reservas VALUES(6,27,0);
INSERT INTO reservas VALUES(6,28,0);
INSERT INTO reservas VALUES(6,29,0);
INSERT INTO reservas VALUES(6,30,0);

INSERT INTO reservas VALUES(7,1,0);
INSERT INTO reservas VALUES(7,2,0);
INSERT INTO reservas VALUES(7,3,0);
INSERT INTO reservas VALUES(7,4,0);
INSERT INTO reservas VALUES(7,5,0);
INSERT INTO reservas VALUES(7,6,0);
INSERT INTO reservas VALUES(7,7,0);
INSERT INTO reservas VALUES(7,8,0);
INSERT INTO reservas VALUES(7,9,0);
INSERT INTO reservas VALUES(7,10,0);
INSERT INTO reservas VALUES(7,11,0);
INSERT INTO reservas VALUES(7,12,0);
INSERT INTO reservas VALUES(7,13,0);
INSERT INTO reservas VALUES(7,14,0);
INSERT INTO reservas VALUES(7,15,0);
INSERT INTO reservas VALUES(7,16,0);
INSERT INTO reservas VALUES(7,17,0);
INSERT INTO reservas VALUES(7,18,0);
INSERT INTO reservas VALUES(7,19,0);
INSERT INTO reservas VALUES(7,20,0);
INSERT INTO reservas VALUES(7,21,0);
INSERT INTO reservas VALUES(7,22,0);
INSERT INTO reservas VALUES(7,23,0);
INSERT INTO reservas VALUES(7,24,0);
INSERT INTO reservas VALUES(7,25,0);
INSERT INTO reservas VALUES(7,26,0);
INSERT INTO reservas VALUES(7,27,0);
INSERT INTO reservas VALUES(7,28,0);
INSERT INTO reservas VALUES(7,29,0);
INSERT INTO reservas VALUES(7,30,0);

INSERT INTO reservas VALUES(8,1,0);
INSERT INTO reservas VALUES(8,2,0);
INSERT INTO reservas VALUES(8,3,0);
INSERT INTO reservas VALUES(8,4,0);
INSERT INTO reservas VALUES(8,5,0);
INSERT INTO reservas VALUES(8,6,0);
INSERT INTO reservas VALUES(8,7,0);
INSERT INTO reservas VALUES(8,8,0);
INSERT INTO reservas VALUES(8,9,0);
INSERT INTO reservas VALUES(8,10,0);
INSERT INTO reservas VALUES(8,11,0);
INSERT INTO reservas VALUES(8,12,0);
INSERT INTO reservas VALUES(8,13,0);
INSERT INTO reservas VALUES(8,14,0);
INSERT INTO reservas VALUES(8,15,0);
INSERT INTO reservas VALUES(8,16,0);
INSERT INTO reservas VALUES(8,17,0);
INSERT INTO reservas VALUES(8,18,0);
INSERT INTO reservas VALUES(8,19,0);
INSERT INTO reservas VALUES(8,20,0);
INSERT INTO reservas VALUES(8,21,0);
INSERT INTO reservas VALUES(8,22,0);
INSERT INTO reservas VALUES(8,23,0);
INSERT INTO reservas VALUES(8,24,0);
INSERT INTO reservas VALUES(8,25,0);
INSERT INTO reservas VALUES(8,26,0);
INSERT INTO reservas VALUES(8,27,0);
INSERT INTO reservas VALUES(8,28,0);
INSERT INTO reservas VALUES(8,29,0);
INSERT INTO reservas VALUES(8,30,0);

INSERT INTO reservas VALUES(9,1,0);
INSERT INTO reservas VALUES(9,2,0);
INSERT INTO reservas VALUES(9,3,0);
INSERT INTO reservas VALUES(9,4,0);
INSERT INTO reservas VALUES(9,5,0);
INSERT INTO reservas VALUES(9,6,0);
INSERT INTO reservas VALUES(9,7,0);
INSERT INTO reservas VALUES(9,8,0);
INSERT INTO reservas VALUES(9,9,0);
INSERT INTO reservas VALUES(9,10,0);
INSERT INTO reservas VALUES(9,11,0);
INSERT INTO reservas VALUES(9,12,0);
INSERT INTO reservas VALUES(9,13,0);
INSERT INTO reservas VALUES(9,14,0);
INSERT INTO reservas VALUES(9,15,0);
INSERT INTO reservas VALUES(9,16,0);
INSERT INTO reservas VALUES(9,17,0);
INSERT INTO reservas VALUES(9,18,0);
INSERT INTO reservas VALUES(9,19,0);
INSERT INTO reservas VALUES(9,20,0);
INSERT INTO reservas VALUES(9,21,0);
INSERT INTO reservas VALUES(9,22,0);
INSERT INTO reservas VALUES(9,23,0);
INSERT INTO reservas VALUES(9,24,0);
INSERT INTO reservas VALUES(9,25,0);
INSERT INTO reservas VALUES(9,26,0);
INSERT INTO reservas VALUES(9,27,0);
INSERT INTO reservas VALUES(9,28,0);
INSERT INTO reservas VALUES(9,29,0);
INSERT INTO reservas VALUES(9,30,0);

INSERT INTO reservas VALUES(10,1,0);
INSERT INTO reservas VALUES(10,2,0);
INSERT INTO reservas VALUES(10,3,0);
INSERT INTO reservas VALUES(10,4,0);
INSERT INTO reservas VALUES(10,5,0);
INSERT INTO reservas VALUES(10,6,0);
INSERT INTO reservas VALUES(10,7,0);
INSERT INTO reservas VALUES(10,8,0);
INSERT INTO reservas VALUES(10,9,0);
INSERT INTO reservas VALUES(10,10,0);
INSERT INTO reservas VALUES(10,11,0);
INSERT INTO reservas VALUES(10,12,0);
INSERT INTO reservas VALUES(10,13,0);
INSERT INTO reservas VALUES(10,14,0);
INSERT INTO reservas VALUES(10,15,0);
INSERT INTO reservas VALUES(10,16,0);
INSERT INTO reservas VALUES(10,17,0);
INSERT INTO reservas VALUES(10,18,0);
INSERT INTO reservas VALUES(10,19,0);
INSERT INTO reservas VALUES(10,20,0);
INSERT INTO reservas VALUES(10,21,0);
INSERT INTO reservas VALUES(10,22,0);
INSERT INTO reservas VALUES(10,23,0);
INSERT INTO reservas VALUES(10,24,0);
INSERT INTO reservas VALUES(10,25,0);
INSERT INTO reservas VALUES(10,26,0);
INSERT INTO reservas VALUES(10,27,0);
INSERT INTO reservas VALUES(10,28,0);
INSERT INTO reservas VALUES(10,29,0);
INSERT INTO reservas VALUES(10,30,0);

INSERT INTO reservas VALUES(11,31,0);
INSERT INTO reservas VALUES(11,32,0);
INSERT INTO reservas VALUES(11,33,0);
INSERT INTO reservas VALUES(11,34,0);
INSERT INTO reservas VALUES(11,35,0);
INSERT INTO reservas VALUES(11,36,0);
INSERT INTO reservas VALUES(11,37,0);
INSERT INTO reservas VALUES(11,38,0);
INSERT INTO reservas VALUES(11,39,0);
INSERT INTO reservas VALUES(11,40,0);
INSERT INTO reservas VALUES(11,41,0);
INSERT INTO reservas VALUES(11,42,0);
INSERT INTO reservas VALUES(11,43,0);
INSERT INTO reservas VALUES(11,44,0);
INSERT INTO reservas VALUES(11,45,0);
INSERT INTO reservas VALUES(11,46,0);
INSERT INTO reservas VALUES(11,47,0);
INSERT INTO reservas VALUES(11,48,0);
INSERT INTO reservas VALUES(11,49,0);
INSERT INTO reservas VALUES(11,50,0);
INSERT INTO reservas VALUES(11,51,0);
INSERT INTO reservas VALUES(11,52,0);
INSERT INTO reservas VALUES(11,53,0);
INSERT INTO reservas VALUES(11,54,0);
INSERT INTO reservas VALUES(11,55,0);
INSERT INTO reservas VALUES(11,56,0);
INSERT INTO reservas VALUES(11,57,0);
INSERT INTO reservas VALUES(11,58,0);
INSERT INTO reservas VALUES(11,59,0);
INSERT INTO reservas VALUES(11,60,0);

INSERT INTO reservas VALUES(12,31,0);
INSERT INTO reservas VALUES(12,32,0);
INSERT INTO reservas VALUES(12,33,0);
INSERT INTO reservas VALUES(12,34,0);
INSERT INTO reservas VALUES(12,35,0);
INSERT INTO reservas VALUES(12,36,0);
INSERT INTO reservas VALUES(12,37,0);
INSERT INTO reservas VALUES(12,38,0);
INSERT INTO reservas VALUES(12,39,0);
INSERT INTO reservas VALUES(12,40,0);
INSERT INTO reservas VALUES(12,41,0);
INSERT INTO reservas VALUES(12,42,0);
INSERT INTO reservas VALUES(12,43,0);
INSERT INTO reservas VALUES(12,44,0);
INSERT INTO reservas VALUES(12,45,0);
INSERT INTO reservas VALUES(12,46,0);
INSERT INTO reservas VALUES(12,47,0);
INSERT INTO reservas VALUES(12,48,0);
INSERT INTO reservas VALUES(12,49,0);
INSERT INTO reservas VALUES(12,50,0);
INSERT INTO reservas VALUES(12,51,0);
INSERT INTO reservas VALUES(12,52,0);
INSERT INTO reservas VALUES(12,53,0);
INSERT INTO reservas VALUES(12,54,0);
INSERT INTO reservas VALUES(12,55,0);
INSERT INTO reservas VALUES(12,56,0);
INSERT INTO reservas VALUES(12,57,0);
INSERT INTO reservas VALUES(12,58,0);
INSERT INTO reservas VALUES(12,59,0);
INSERT INTO reservas VALUES(12,60,0);

INSERT INTO reservas VALUES(13,31,0);
INSERT INTO reservas VALUES(13,32,0);
INSERT INTO reservas VALUES(13,33,0);
INSERT INTO reservas VALUES(13,34,0);
INSERT INTO reservas VALUES(13,35,0);
INSERT INTO reservas VALUES(13,36,0);
INSERT INTO reservas VALUES(13,37,0);
INSERT INTO reservas VALUES(13,38,0);
INSERT INTO reservas VALUES(13,39,0);
INSERT INTO reservas VALUES(13,40,0);
INSERT INTO reservas VALUES(13,41,0);
INSERT INTO reservas VALUES(13,42,0);
INSERT INTO reservas VALUES(13,43,0);
INSERT INTO reservas VALUES(13,44,0);
INSERT INTO reservas VALUES(13,45,0);
INSERT INTO reservas VALUES(13,46,0);
INSERT INTO reservas VALUES(13,47,0);
INSERT INTO reservas VALUES(13,48,0);
INSERT INTO reservas VALUES(13,49,0);
INSERT INTO reservas VALUES(13,50,0);
INSERT INTO reservas VALUES(13,51,0);
INSERT INTO reservas VALUES(13,52,0);
INSERT INTO reservas VALUES(13,53,0);
INSERT INTO reservas VALUES(13,54,0);
INSERT INTO reservas VALUES(13,55,0);
INSERT INTO reservas VALUES(13,56,0);
INSERT INTO reservas VALUES(13,57,0);
INSERT INTO reservas VALUES(13,58,0);
INSERT INTO reservas VALUES(13,59,0);
INSERT INTO reservas VALUES(13,60,0);

INSERT INTO reservas VALUES(14,31,0);
INSERT INTO reservas VALUES(14,32,0);
INSERT INTO reservas VALUES(14,33,0);
INSERT INTO reservas VALUES(14,34,0);
INSERT INTO reservas VALUES(14,35,0);
INSERT INTO reservas VALUES(14,36,0);
INSERT INTO reservas VALUES(14,37,0);
INSERT INTO reservas VALUES(14,38,0);
INSERT INTO reservas VALUES(14,39,0);
INSERT INTO reservas VALUES(14,40,0);
INSERT INTO reservas VALUES(14,41,0);
INSERT INTO reservas VALUES(14,42,0);
INSERT INTO reservas VALUES(14,43,0);
INSERT INTO reservas VALUES(14,44,0);
INSERT INTO reservas VALUES(14,45,0);
INSERT INTO reservas VALUES(14,46,0);
INSERT INTO reservas VALUES(14,47,0);
INSERT INTO reservas VALUES(14,48,0);
INSERT INTO reservas VALUES(14,49,0);
INSERT INTO reservas VALUES(14,50,0);
INSERT INTO reservas VALUES(14,51,0);
INSERT INTO reservas VALUES(14,52,0);
INSERT INTO reservas VALUES(14,53,0);
INSERT INTO reservas VALUES(14,54,0);
INSERT INTO reservas VALUES(14,55,0);
INSERT INTO reservas VALUES(14,56,0);
INSERT INTO reservas VALUES(14,57,0);
INSERT INTO reservas VALUES(14,58,0);
INSERT INTO reservas VALUES(14,59,0);
INSERT INTO reservas VALUES(14,60,0);

INSERT INTO reservas VALUES(15,31,0);
INSERT INTO reservas VALUES(15,32,0);
INSERT INTO reservas VALUES(15,33,0);
INSERT INTO reservas VALUES(15,34,0);
INSERT INTO reservas VALUES(15,35,0);
INSERT INTO reservas VALUES(15,36,0);
INSERT INTO reservas VALUES(15,37,0);
INSERT INTO reservas VALUES(15,38,0);
INSERT INTO reservas VALUES(15,39,0);
INSERT INTO reservas VALUES(15,40,0);
INSERT INTO reservas VALUES(15,41,0);
INSERT INTO reservas VALUES(15,42,0);
INSERT INTO reservas VALUES(15,43,0);
INSERT INTO reservas VALUES(15,44,0);
INSERT INTO reservas VALUES(15,45,0);
INSERT INTO reservas VALUES(15,46,0);
INSERT INTO reservas VALUES(15,47,0);
INSERT INTO reservas VALUES(15,48,0);
INSERT INTO reservas VALUES(15,49,0);
INSERT INTO reservas VALUES(15,50,0);
INSERT INTO reservas VALUES(15,51,0);
INSERT INTO reservas VALUES(15,52,0);
INSERT INTO reservas VALUES(15,53,0);
INSERT INTO reservas VALUES(15,54,0);
INSERT INTO reservas VALUES(15,55,0);
INSERT INTO reservas VALUES(15,56,0);
INSERT INTO reservas VALUES(15,57,0);
INSERT INTO reservas VALUES(15,58,0);
INSERT INTO reservas VALUES(15,59,0);
INSERT INTO reservas VALUES(15,60,0);

INSERT INTO reservas VALUES(16,31,0);
INSERT INTO reservas VALUES(16,32,0);
INSERT INTO reservas VALUES(16,33,0);
INSERT INTO reservas VALUES(16,34,0);
INSERT INTO reservas VALUES(16,35,0);
INSERT INTO reservas VALUES(16,36,0);
INSERT INTO reservas VALUES(16,37,0);
INSERT INTO reservas VALUES(16,38,0);
INSERT INTO reservas VALUES(16,39,0);
INSERT INTO reservas VALUES(16,40,0);
INSERT INTO reservas VALUES(16,41,0);
INSERT INTO reservas VALUES(16,42,0);
INSERT INTO reservas VALUES(16,43,0);
INSERT INTO reservas VALUES(16,44,0);
INSERT INTO reservas VALUES(16,45,0);
INSERT INTO reservas VALUES(16,46,0);
INSERT INTO reservas VALUES(16,47,0);
INSERT INTO reservas VALUES(16,48,0);
INSERT INTO reservas VALUES(16,49,0);
INSERT INTO reservas VALUES(16,50,0);
INSERT INTO reservas VALUES(16,51,0);
INSERT INTO reservas VALUES(16,52,0);
INSERT INTO reservas VALUES(16,53,0);
INSERT INTO reservas VALUES(16,54,0);
INSERT INTO reservas VALUES(16,55,0);
INSERT INTO reservas VALUES(16,56,0);
INSERT INTO reservas VALUES(16,57,0);
INSERT INTO reservas VALUES(16,58,0);
INSERT INTO reservas VALUES(16,59,0);
INSERT INTO reservas VALUES(16,60,0);

INSERT INTO reservas VALUES(17,31,0);
INSERT INTO reservas VALUES(17,32,0);
INSERT INTO reservas VALUES(17,33,0);
INSERT INTO reservas VALUES(17,34,0);
INSERT INTO reservas VALUES(17,35,0);
INSERT INTO reservas VALUES(17,36,0);
INSERT INTO reservas VALUES(17,37,0);
INSERT INTO reservas VALUES(17,38,0);
INSERT INTO reservas VALUES(17,39,0);
INSERT INTO reservas VALUES(17,40,0);
INSERT INTO reservas VALUES(17,41,0);
INSERT INTO reservas VALUES(17,42,0);
INSERT INTO reservas VALUES(17,43,0);
INSERT INTO reservas VALUES(17,44,0);
INSERT INTO reservas VALUES(17,45,0);
INSERT INTO reservas VALUES(17,46,0);
INSERT INTO reservas VALUES(17,47,0);
INSERT INTO reservas VALUES(17,48,0);
INSERT INTO reservas VALUES(17,49,0);
INSERT INTO reservas VALUES(17,50,0);
INSERT INTO reservas VALUES(17,51,0);
INSERT INTO reservas VALUES(17,52,0);
INSERT INTO reservas VALUES(17,53,0);
INSERT INTO reservas VALUES(17,54,0);
INSERT INTO reservas VALUES(17,55,0);
INSERT INTO reservas VALUES(17,56,0);
INSERT INTO reservas VALUES(17,57,0);
INSERT INTO reservas VALUES(17,58,0);
INSERT INTO reservas VALUES(17,59,0);
INSERT INTO reservas VALUES(17,60,0);

INSERT INTO reservas VALUES(18,31,0);
INSERT INTO reservas VALUES(18,32,0);
INSERT INTO reservas VALUES(18,33,0);
INSERT INTO reservas VALUES(18,34,0);
INSERT INTO reservas VALUES(18,35,0);
INSERT INTO reservas VALUES(18,36,0);
INSERT INTO reservas VALUES(18,37,0);
INSERT INTO reservas VALUES(18,38,0);
INSERT INTO reservas VALUES(18,39,0);
INSERT INTO reservas VALUES(18,40,0);
INSERT INTO reservas VALUES(18,41,0);
INSERT INTO reservas VALUES(18,42,0);
INSERT INTO reservas VALUES(18,43,0);
INSERT INTO reservas VALUES(18,44,0);
INSERT INTO reservas VALUES(18,45,0);
INSERT INTO reservas VALUES(18,46,0);
INSERT INTO reservas VALUES(18,47,0);
INSERT INTO reservas VALUES(18,48,0);
INSERT INTO reservas VALUES(18,49,0);
INSERT INTO reservas VALUES(18,50,0);
INSERT INTO reservas VALUES(18,51,0);
INSERT INTO reservas VALUES(18,52,0);
INSERT INTO reservas VALUES(18,53,0);
INSERT INTO reservas VALUES(18,54,0);
INSERT INTO reservas VALUES(18,55,0);
INSERT INTO reservas VALUES(18,56,0);
INSERT INTO reservas VALUES(18,57,0);
INSERT INTO reservas VALUES(18,58,0);
INSERT INTO reservas VALUES(18,59,0);
INSERT INTO reservas VALUES(18,60,0);

INSERT INTO reservas VALUES(19,31,0);
INSERT INTO reservas VALUES(19,32,0);
INSERT INTO reservas VALUES(19,33,0);
INSERT INTO reservas VALUES(19,34,0);
INSERT INTO reservas VALUES(19,35,0);
INSERT INTO reservas VALUES(19,36,0);
INSERT INTO reservas VALUES(19,37,0);
INSERT INTO reservas VALUES(19,38,0);
INSERT INTO reservas VALUES(19,39,0);
INSERT INTO reservas VALUES(19,40,0);
INSERT INTO reservas VALUES(19,41,0);
INSERT INTO reservas VALUES(19,42,0);
INSERT INTO reservas VALUES(19,43,0);
INSERT INTO reservas VALUES(19,44,0);
INSERT INTO reservas VALUES(19,45,0);
INSERT INTO reservas VALUES(19,46,0);
INSERT INTO reservas VALUES(19,47,0);
INSERT INTO reservas VALUES(19,48,0);
INSERT INTO reservas VALUES(19,49,0);
INSERT INTO reservas VALUES(19,50,0);
INSERT INTO reservas VALUES(19,51,0);
INSERT INTO reservas VALUES(19,52,0);
INSERT INTO reservas VALUES(19,53,0);
INSERT INTO reservas VALUES(19,54,0);
INSERT INTO reservas VALUES(19,55,0);
INSERT INTO reservas VALUES(19,56,0);
INSERT INTO reservas VALUES(19,57,0);
INSERT INTO reservas VALUES(19,58,0);
INSERT INTO reservas VALUES(19,59,0);
INSERT INTO reservas VALUES(19,60,0);

INSERT INTO reservas VALUES(20,31,0);
INSERT INTO reservas VALUES(20,32,0);
INSERT INTO reservas VALUES(20,33,0);
INSERT INTO reservas VALUES(20,34,0);
INSERT INTO reservas VALUES(20,35,0);
INSERT INTO reservas VALUES(20,36,0);
INSERT INTO reservas VALUES(20,37,0);
INSERT INTO reservas VALUES(20,38,0);
INSERT INTO reservas VALUES(20,39,0);
INSERT INTO reservas VALUES(20,40,0);
INSERT INTO reservas VALUES(20,41,0);
INSERT INTO reservas VALUES(20,42,0);
INSERT INTO reservas VALUES(20,43,0);
INSERT INTO reservas VALUES(20,44,0);
INSERT INTO reservas VALUES(20,45,0);
INSERT INTO reservas VALUES(20,46,0);
INSERT INTO reservas VALUES(20,47,0);
INSERT INTO reservas VALUES(20,48,0);
INSERT INTO reservas VALUES(20,49,0);
INSERT INTO reservas VALUES(20,50,0);
INSERT INTO reservas VALUES(20,51,0);
INSERT INTO reservas VALUES(20,52,0);
INSERT INTO reservas VALUES(20,53,0);
INSERT INTO reservas VALUES(20,54,0);
INSERT INTO reservas VALUES(20,55,0);
INSERT INTO reservas VALUES(20,56,0);
INSERT INTO reservas VALUES(20,57,0);
INSERT INTO reservas VALUES(20,58,0);
INSERT INTO reservas VALUES(20,59,0);
INSERT INTO reservas VALUES(20,60,0);

INSERT INTO reservas VALUES(21,61,0);
INSERT INTO reservas VALUES(21,62,0);
INSERT INTO reservas VALUES(21,63,0);
INSERT INTO reservas VALUES(21,64,0);
INSERT INTO reservas VALUES(21,65,0);
INSERT INTO reservas VALUES(21,66,0);
INSERT INTO reservas VALUES(21,67,0);
INSERT INTO reservas VALUES(21,68,0);
INSERT INTO reservas VALUES(21,69,0);
INSERT INTO reservas VALUES(21,70,0);
INSERT INTO reservas VALUES(21,71,0);
INSERT INTO reservas VALUES(21,72,0);
INSERT INTO reservas VALUES(21,73,0);
INSERT INTO reservas VALUES(21,74,0);
INSERT INTO reservas VALUES(21,75,0);
INSERT INTO reservas VALUES(21,76,0);
INSERT INTO reservas VALUES(21,77,0);
INSERT INTO reservas VALUES(21,78,0);
INSERT INTO reservas VALUES(21,79,0);
INSERT INTO reservas VALUES(21,80,0);
INSERT INTO reservas VALUES(21,81,0);
INSERT INTO reservas VALUES(21,82,0);
INSERT INTO reservas VALUES(21,83,0);
INSERT INTO reservas VALUES(21,84,0);
INSERT INTO reservas VALUES(21,85,0);
INSERT INTO reservas VALUES(21,86,0);
INSERT INTO reservas VALUES(21,87,0);
INSERT INTO reservas VALUES(21,88,0);
INSERT INTO reservas VALUES(21,89,0);
INSERT INTO reservas VALUES(21,90,0);

INSERT INTO reservas VALUES(22,61,0);
INSERT INTO reservas VALUES(22,62,0);
INSERT INTO reservas VALUES(22,63,0);
INSERT INTO reservas VALUES(22,64,0);
INSERT INTO reservas VALUES(22,65,0);
INSERT INTO reservas VALUES(22,66,0);
INSERT INTO reservas VALUES(22,67,0);
INSERT INTO reservas VALUES(22,68,0);
INSERT INTO reservas VALUES(22,69,0);
INSERT INTO reservas VALUES(22,70,0);
INSERT INTO reservas VALUES(22,71,0);
INSERT INTO reservas VALUES(22,72,0);
INSERT INTO reservas VALUES(22,73,0);
INSERT INTO reservas VALUES(22,74,0);
INSERT INTO reservas VALUES(22,75,0);
INSERT INTO reservas VALUES(22,76,0);
INSERT INTO reservas VALUES(22,77,0);
INSERT INTO reservas VALUES(22,78,0);
INSERT INTO reservas VALUES(22,79,0);
INSERT INTO reservas VALUES(22,80,0);
INSERT INTO reservas VALUES(22,81,0);
INSERT INTO reservas VALUES(22,82,0);
INSERT INTO reservas VALUES(22,83,0);
INSERT INTO reservas VALUES(22,84,0);
INSERT INTO reservas VALUES(22,85,0);
INSERT INTO reservas VALUES(22,86,0);
INSERT INTO reservas VALUES(22,87,0);
INSERT INTO reservas VALUES(22,88,0);
INSERT INTO reservas VALUES(22,89,0);
INSERT INTO reservas VALUES(22,90,0);

INSERT INTO reservas VALUES(23,61,0);
INSERT INTO reservas VALUES(23,62,0);
INSERT INTO reservas VALUES(23,63,0);
INSERT INTO reservas VALUES(23,64,0);
INSERT INTO reservas VALUES(23,65,0);
INSERT INTO reservas VALUES(23,66,0);
INSERT INTO reservas VALUES(23,67,0);
INSERT INTO reservas VALUES(23,68,0);
INSERT INTO reservas VALUES(23,69,0);
INSERT INTO reservas VALUES(23,70,0);
INSERT INTO reservas VALUES(23,71,0);
INSERT INTO reservas VALUES(23,72,0);
INSERT INTO reservas VALUES(23,73,0);
INSERT INTO reservas VALUES(23,74,0);
INSERT INTO reservas VALUES(23,75,0);
INSERT INTO reservas VALUES(23,76,0);
INSERT INTO reservas VALUES(23,77,0);
INSERT INTO reservas VALUES(23,78,0);
INSERT INTO reservas VALUES(23,79,0);
INSERT INTO reservas VALUES(23,80,0);
INSERT INTO reservas VALUES(23,81,0);
INSERT INTO reservas VALUES(23,82,0);
INSERT INTO reservas VALUES(23,83,0);
INSERT INTO reservas VALUES(23,84,0);
INSERT INTO reservas VALUES(23,85,0);
INSERT INTO reservas VALUES(23,86,0);
INSERT INTO reservas VALUES(23,87,0);
INSERT INTO reservas VALUES(23,88,0);
INSERT INTO reservas VALUES(23,89,0);
INSERT INTO reservas VALUES(23,90,0);

INSERT INTO reservas VALUES(24,61,0);
INSERT INTO reservas VALUES(24,62,0);
INSERT INTO reservas VALUES(24,63,0);
INSERT INTO reservas VALUES(24,64,0);
INSERT INTO reservas VALUES(24,65,0);
INSERT INTO reservas VALUES(24,66,0);
INSERT INTO reservas VALUES(24,67,0);
INSERT INTO reservas VALUES(24,68,0);
INSERT INTO reservas VALUES(24,69,0);
INSERT INTO reservas VALUES(24,70,0);
INSERT INTO reservas VALUES(24,71,0);
INSERT INTO reservas VALUES(24,72,0);
INSERT INTO reservas VALUES(24,73,0);
INSERT INTO reservas VALUES(24,74,0);
INSERT INTO reservas VALUES(24,75,0);
INSERT INTO reservas VALUES(24,76,0);
INSERT INTO reservas VALUES(24,77,0);
INSERT INTO reservas VALUES(24,78,0);
INSERT INTO reservas VALUES(24,79,0);
INSERT INTO reservas VALUES(24,80,0);
INSERT INTO reservas VALUES(24,81,0);
INSERT INTO reservas VALUES(24,82,0);
INSERT INTO reservas VALUES(24,83,0);
INSERT INTO reservas VALUES(24,84,0);
INSERT INTO reservas VALUES(24,85,0);
INSERT INTO reservas VALUES(24,86,0);
INSERT INTO reservas VALUES(24,87,0);
INSERT INTO reservas VALUES(24,88,0);
INSERT INTO reservas VALUES(24,89,0);
INSERT INTO reservas VALUES(24,90,0);

INSERT INTO reservas VALUES(25,61,0);
INSERT INTO reservas VALUES(25,62,0);
INSERT INTO reservas VALUES(25,63,0);
INSERT INTO reservas VALUES(25,64,0);
INSERT INTO reservas VALUES(25,65,0);
INSERT INTO reservas VALUES(25,66,0);
INSERT INTO reservas VALUES(25,67,0);
INSERT INTO reservas VALUES(25,68,0);
INSERT INTO reservas VALUES(25,69,0);
INSERT INTO reservas VALUES(25,70,0);
INSERT INTO reservas VALUES(25,71,0);
INSERT INTO reservas VALUES(25,72,0);
INSERT INTO reservas VALUES(25,73,0);
INSERT INTO reservas VALUES(25,74,0);
INSERT INTO reservas VALUES(25,75,0);
INSERT INTO reservas VALUES(25,76,0);
INSERT INTO reservas VALUES(25,77,0);
INSERT INTO reservas VALUES(25,78,0);
INSERT INTO reservas VALUES(25,79,0);
INSERT INTO reservas VALUES(25,80,0);
INSERT INTO reservas VALUES(25,81,0);
INSERT INTO reservas VALUES(25,82,0);
INSERT INTO reservas VALUES(25,83,0);
INSERT INTO reservas VALUES(25,84,0);
INSERT INTO reservas VALUES(25,85,0);
INSERT INTO reservas VALUES(25,86,0);
INSERT INTO reservas VALUES(25,87,0);
INSERT INTO reservas VALUES(25,88,0);
INSERT INTO reservas VALUES(25,89,0);
INSERT INTO reservas VALUES(25,90,0);

INSERT INTO reservas VALUES(26,61,0);
INSERT INTO reservas VALUES(26,62,0);
INSERT INTO reservas VALUES(26,63,0);
INSERT INTO reservas VALUES(26,64,0);
INSERT INTO reservas VALUES(26,65,0);
INSERT INTO reservas VALUES(26,66,0);
INSERT INTO reservas VALUES(26,67,0);
INSERT INTO reservas VALUES(26,68,0);
INSERT INTO reservas VALUES(26,69,0);
INSERT INTO reservas VALUES(26,70,0);
INSERT INTO reservas VALUES(26,71,0);
INSERT INTO reservas VALUES(26,72,0);
INSERT INTO reservas VALUES(26,73,0);
INSERT INTO reservas VALUES(26,74,0);
INSERT INTO reservas VALUES(26,75,0);
INSERT INTO reservas VALUES(26,76,0);
INSERT INTO reservas VALUES(26,77,0);
INSERT INTO reservas VALUES(26,78,0);
INSERT INTO reservas VALUES(26,79,0);
INSERT INTO reservas VALUES(26,80,0);
INSERT INTO reservas VALUES(26,81,0);
INSERT INTO reservas VALUES(26,82,0);
INSERT INTO reservas VALUES(26,83,0);
INSERT INTO reservas VALUES(26,84,0);
INSERT INTO reservas VALUES(26,85,0);
INSERT INTO reservas VALUES(26,86,0);
INSERT INTO reservas VALUES(26,87,0);
INSERT INTO reservas VALUES(26,88,0);
INSERT INTO reservas VALUES(26,89,0);
INSERT INTO reservas VALUES(26,90,0);

INSERT INTO reservas VALUES(27,61,0);
INSERT INTO reservas VALUES(27,62,0);
INSERT INTO reservas VALUES(27,63,0);
INSERT INTO reservas VALUES(27,64,0);
INSERT INTO reservas VALUES(27,65,0);
INSERT INTO reservas VALUES(27,66,0);
INSERT INTO reservas VALUES(27,67,0);
INSERT INTO reservas VALUES(27,68,0);
INSERT INTO reservas VALUES(27,69,0);
INSERT INTO reservas VALUES(27,70,0);
INSERT INTO reservas VALUES(27,71,0);
INSERT INTO reservas VALUES(27,72,0);
INSERT INTO reservas VALUES(27,73,0);
INSERT INTO reservas VALUES(27,74,0);
INSERT INTO reservas VALUES(27,75,0);
INSERT INTO reservas VALUES(27,76,0);
INSERT INTO reservas VALUES(27,77,0);
INSERT INTO reservas VALUES(27,78,0);
INSERT INTO reservas VALUES(27,79,0);
INSERT INTO reservas VALUES(27,80,0);
INSERT INTO reservas VALUES(27,81,0);
INSERT INTO reservas VALUES(27,82,0);
INSERT INTO reservas VALUES(27,83,0);
INSERT INTO reservas VALUES(27,84,0);
INSERT INTO reservas VALUES(27,85,0);
INSERT INTO reservas VALUES(27,86,0);
INSERT INTO reservas VALUES(27,87,0);
INSERT INTO reservas VALUES(27,88,0);
INSERT INTO reservas VALUES(27,89,0);
INSERT INTO reservas VALUES(27,90,0);

INSERT INTO reservas VALUES(28,61,0);
INSERT INTO reservas VALUES(28,62,0);
INSERT INTO reservas VALUES(28,63,0);
INSERT INTO reservas VALUES(28,64,0);
INSERT INTO reservas VALUES(28,65,0);
INSERT INTO reservas VALUES(28,66,0);
INSERT INTO reservas VALUES(28,67,0);
INSERT INTO reservas VALUES(28,68,0);
INSERT INTO reservas VALUES(28,69,0);
INSERT INTO reservas VALUES(28,70,0);
INSERT INTO reservas VALUES(28,71,0);
INSERT INTO reservas VALUES(28,72,0);
INSERT INTO reservas VALUES(28,73,0);
INSERT INTO reservas VALUES(28,74,0);
INSERT INTO reservas VALUES(28,75,0);
INSERT INTO reservas VALUES(28,76,0);
INSERT INTO reservas VALUES(28,77,0);
INSERT INTO reservas VALUES(28,78,0);
INSERT INTO reservas VALUES(28,79,0);
INSERT INTO reservas VALUES(28,80,0);
INSERT INTO reservas VALUES(28,81,0);
INSERT INTO reservas VALUES(28,82,0);
INSERT INTO reservas VALUES(28,83,0);
INSERT INTO reservas VALUES(28,84,0);
INSERT INTO reservas VALUES(28,85,0);
INSERT INTO reservas VALUES(28,86,0);
INSERT INTO reservas VALUES(28,87,0);
INSERT INTO reservas VALUES(28,88,0);
INSERT INTO reservas VALUES(28,89,0);
INSERT INTO reservas VALUES(28,90,0);

INSERT INTO reservas VALUES(29,61,0);
INSERT INTO reservas VALUES(29,62,0);
INSERT INTO reservas VALUES(29,63,0);
INSERT INTO reservas VALUES(29,64,0);
INSERT INTO reservas VALUES(29,65,0);
INSERT INTO reservas VALUES(29,66,0);
INSERT INTO reservas VALUES(29,67,0);
INSERT INTO reservas VALUES(29,68,0);
INSERT INTO reservas VALUES(29,69,0);
INSERT INTO reservas VALUES(29,70,0);
INSERT INTO reservas VALUES(29,71,0);
INSERT INTO reservas VALUES(29,72,0);
INSERT INTO reservas VALUES(29,73,0);
INSERT INTO reservas VALUES(29,74,0);
INSERT INTO reservas VALUES(29,75,0);
INSERT INTO reservas VALUES(29,76,0);
INSERT INTO reservas VALUES(29,77,0);
INSERT INTO reservas VALUES(29,78,0);
INSERT INTO reservas VALUES(29,79,0);
INSERT INTO reservas VALUES(29,80,0);
INSERT INTO reservas VALUES(29,81,0);
INSERT INTO reservas VALUES(29,82,0);
INSERT INTO reservas VALUES(29,83,0);
INSERT INTO reservas VALUES(29,84,0);
INSERT INTO reservas VALUES(29,85,0);
INSERT INTO reservas VALUES(29,86,0);
INSERT INTO reservas VALUES(29,87,0);
INSERT INTO reservas VALUES(29,88,0);
INSERT INTO reservas VALUES(29,89,0);
INSERT INTO reservas VALUES(29,90,0);

INSERT INTO reservas VALUES(30,61,0);
INSERT INTO reservas VALUES(30,62,0);
INSERT INTO reservas VALUES(30,63,0);
INSERT INTO reservas VALUES(30,64,0);
INSERT INTO reservas VALUES(30,65,0);
INSERT INTO reservas VALUES(30,66,0);
INSERT INTO reservas VALUES(30,67,0);
INSERT INTO reservas VALUES(30,68,0);
INSERT INTO reservas VALUES(30,69,0);
INSERT INTO reservas VALUES(30,70,0);
INSERT INTO reservas VALUES(30,71,0);
INSERT INTO reservas VALUES(30,72,0);
INSERT INTO reservas VALUES(30,73,0);
INSERT INTO reservas VALUES(30,74,0);
INSERT INTO reservas VALUES(30,75,0);
INSERT INTO reservas VALUES(30,76,0);
INSERT INTO reservas VALUES(30,77,0);
INSERT INTO reservas VALUES(30,78,0);
INSERT INTO reservas VALUES(30,79,0);
INSERT INTO reservas VALUES(30,80,0);
INSERT INTO reservas VALUES(30,81,0);
INSERT INTO reservas VALUES(30,82,0);
INSERT INTO reservas VALUES(30,83,0);
INSERT INTO reservas VALUES(30,84,0);
INSERT INTO reservas VALUES(30,85,0);
INSERT INTO reservas VALUES(30,86,0);
INSERT INTO reservas VALUES(30,87,0);
INSERT INTO reservas VALUES(30,88,0);
INSERT INTO reservas VALUES(30,89,0);
INSERT INTO reservas VALUES(30,90,0);

INSERT INTO reservas VALUES(31,91,0);
INSERT INTO reservas VALUES(31,92,0);
INSERT INTO reservas VALUES(31,93,0);
INSERT INTO reservas VALUES(31,94,0);
INSERT INTO reservas VALUES(31,95,0);
INSERT INTO reservas VALUES(31,96,0);
INSERT INTO reservas VALUES(31,97,0);
INSERT INTO reservas VALUES(31,98,0);
INSERT INTO reservas VALUES(31,99,0);
INSERT INTO reservas VALUES(31,100,0);
INSERT INTO reservas VALUES(31,101,0);
INSERT INTO reservas VALUES(31,102,0);
INSERT INTO reservas VALUES(31,103,0);
INSERT INTO reservas VALUES(31,104,0);
INSERT INTO reservas VALUES(31,105,0);
INSERT INTO reservas VALUES(31,106,0);
INSERT INTO reservas VALUES(31,107,0);
INSERT INTO reservas VALUES(31,108,0);
INSERT INTO reservas VALUES(31,109,0);
INSERT INTO reservas VALUES(31,110,0);
INSERT INTO reservas VALUES(31,111,0);
INSERT INTO reservas VALUES(31,112,0);
INSERT INTO reservas VALUES(31,113,0);
INSERT INTO reservas VALUES(31,114,0);
INSERT INTO reservas VALUES(31,115,0);
INSERT INTO reservas VALUES(31,116,0);
INSERT INTO reservas VALUES(31,117,0);
INSERT INTO reservas VALUES(31,118,0);
INSERT INTO reservas VALUES(31,119,0);
INSERT INTO reservas VALUES(31,120,0);

INSERT INTO reservas VALUES(32,91,0);
INSERT INTO reservas VALUES(32,92,0);
INSERT INTO reservas VALUES(32,93,0);
INSERT INTO reservas VALUES(32,94,0);
INSERT INTO reservas VALUES(32,95,0);
INSERT INTO reservas VALUES(32,96,0);
INSERT INTO reservas VALUES(32,97,0);
INSERT INTO reservas VALUES(32,98,0);
INSERT INTO reservas VALUES(32,99,0);
INSERT INTO reservas VALUES(32,100,0);
INSERT INTO reservas VALUES(32,101,0);
INSERT INTO reservas VALUES(32,102,0);
INSERT INTO reservas VALUES(32,103,0);
INSERT INTO reservas VALUES(32,104,0);
INSERT INTO reservas VALUES(32,105,0);
INSERT INTO reservas VALUES(32,106,0);
INSERT INTO reservas VALUES(32,107,0);
INSERT INTO reservas VALUES(32,108,0);
INSERT INTO reservas VALUES(32,109,0);
INSERT INTO reservas VALUES(32,110,0);
INSERT INTO reservas VALUES(32,111,0);
INSERT INTO reservas VALUES(32,112,0);
INSERT INTO reservas VALUES(32,113,0);
INSERT INTO reservas VALUES(32,114,0);
INSERT INTO reservas VALUES(32,115,0);
INSERT INTO reservas VALUES(32,116,0);
INSERT INTO reservas VALUES(32,117,0);
INSERT INTO reservas VALUES(32,118,0);
INSERT INTO reservas VALUES(32,119,0);
INSERT INTO reservas VALUES(32,120,0);

INSERT INTO reservas VALUES(33,91,0);
INSERT INTO reservas VALUES(33,92,0);
INSERT INTO reservas VALUES(33,93,0);
INSERT INTO reservas VALUES(33,94,0);
INSERT INTO reservas VALUES(33,95,0);
INSERT INTO reservas VALUES(33,96,0);
INSERT INTO reservas VALUES(33,97,0);
INSERT INTO reservas VALUES(33,98,0);
INSERT INTO reservas VALUES(33,99,0);
INSERT INTO reservas VALUES(33,100,0);
INSERT INTO reservas VALUES(33,101,0);
INSERT INTO reservas VALUES(33,102,0);
INSERT INTO reservas VALUES(33,103,0);
INSERT INTO reservas VALUES(33,104,0);
INSERT INTO reservas VALUES(33,105,0);
INSERT INTO reservas VALUES(33,106,0);
INSERT INTO reservas VALUES(33,107,0);
INSERT INTO reservas VALUES(33,108,0);
INSERT INTO reservas VALUES(33,109,0);
INSERT INTO reservas VALUES(33,110,0);
INSERT INTO reservas VALUES(33,111,0);
INSERT INTO reservas VALUES(33,112,0);
INSERT INTO reservas VALUES(33,113,0);
INSERT INTO reservas VALUES(33,114,0);
INSERT INTO reservas VALUES(33,115,0);
INSERT INTO reservas VALUES(33,116,0);
INSERT INTO reservas VALUES(33,117,0);
INSERT INTO reservas VALUES(33,118,0);
INSERT INTO reservas VALUES(33,119,0);
INSERT INTO reservas VALUES(33,120,0);

INSERT INTO reservas VALUES(34,91,0);
INSERT INTO reservas VALUES(34,92,0);
INSERT INTO reservas VALUES(34,93,0);
INSERT INTO reservas VALUES(34,94,0);
INSERT INTO reservas VALUES(34,95,0);
INSERT INTO reservas VALUES(34,96,0);
INSERT INTO reservas VALUES(34,97,0);
INSERT INTO reservas VALUES(34,98,0);
INSERT INTO reservas VALUES(34,99,0);
INSERT INTO reservas VALUES(34,100,0);
INSERT INTO reservas VALUES(34,101,0);
INSERT INTO reservas VALUES(34,102,0);
INSERT INTO reservas VALUES(34,103,0);
INSERT INTO reservas VALUES(34,104,0);
INSERT INTO reservas VALUES(34,105,0);
INSERT INTO reservas VALUES(34,106,0);
INSERT INTO reservas VALUES(34,107,0);
INSERT INTO reservas VALUES(34,108,0);
INSERT INTO reservas VALUES(34,109,0);
INSERT INTO reservas VALUES(34,110,0);
INSERT INTO reservas VALUES(34,111,0);
INSERT INTO reservas VALUES(34,112,0);
INSERT INTO reservas VALUES(34,113,0);
INSERT INTO reservas VALUES(34,114,0);
INSERT INTO reservas VALUES(34,115,0);
INSERT INTO reservas VALUES(34,116,0);
INSERT INTO reservas VALUES(34,117,0);
INSERT INTO reservas VALUES(34,118,0);
INSERT INTO reservas VALUES(34,119,0);
INSERT INTO reservas VALUES(34,120,0);

INSERT INTO reservas VALUES(35,91,0);
INSERT INTO reservas VALUES(35,92,0);
INSERT INTO reservas VALUES(35,93,0);
INSERT INTO reservas VALUES(35,94,0);
INSERT INTO reservas VALUES(35,95,0);
INSERT INTO reservas VALUES(35,96,0);
INSERT INTO reservas VALUES(35,97,0);
INSERT INTO reservas VALUES(35,98,0);
INSERT INTO reservas VALUES(35,99,0);
INSERT INTO reservas VALUES(35,100,0);
INSERT INTO reservas VALUES(35,101,0);
INSERT INTO reservas VALUES(35,102,0);
INSERT INTO reservas VALUES(35,103,0);
INSERT INTO reservas VALUES(35,104,0);
INSERT INTO reservas VALUES(35,105,0);
INSERT INTO reservas VALUES(35,106,0);
INSERT INTO reservas VALUES(35,107,0);
INSERT INTO reservas VALUES(35,108,0);
INSERT INTO reservas VALUES(35,109,0);
INSERT INTO reservas VALUES(35,110,0);
INSERT INTO reservas VALUES(35,111,0);
INSERT INTO reservas VALUES(35,112,0);
INSERT INTO reservas VALUES(35,113,0);
INSERT INTO reservas VALUES(35,114,0);
INSERT INTO reservas VALUES(35,115,0);
INSERT INTO reservas VALUES(35,116,0);
INSERT INTO reservas VALUES(35,117,0);
INSERT INTO reservas VALUES(35,118,0);
INSERT INTO reservas VALUES(35,119,0);
INSERT INTO reservas VALUES(35,120,0);

INSERT INTO reservas VALUES(36,91,0);
INSERT INTO reservas VALUES(36,92,0);
INSERT INTO reservas VALUES(36,93,0);
INSERT INTO reservas VALUES(36,94,0);
INSERT INTO reservas VALUES(36,95,0);
INSERT INTO reservas VALUES(36,96,0);
INSERT INTO reservas VALUES(36,97,0);
INSERT INTO reservas VALUES(36,98,0);
INSERT INTO reservas VALUES(36,99,0);
INSERT INTO reservas VALUES(36,100,0);
INSERT INTO reservas VALUES(36,101,0);
INSERT INTO reservas VALUES(36,102,0);
INSERT INTO reservas VALUES(36,103,0);
INSERT INTO reservas VALUES(36,104,0);
INSERT INTO reservas VALUES(36,105,0);
INSERT INTO reservas VALUES(36,106,0);
INSERT INTO reservas VALUES(36,107,0);
INSERT INTO reservas VALUES(36,108,0);
INSERT INTO reservas VALUES(36,109,0);
INSERT INTO reservas VALUES(36,110,0);
INSERT INTO reservas VALUES(36,111,0);
INSERT INTO reservas VALUES(36,112,0);
INSERT INTO reservas VALUES(36,113,0);
INSERT INTO reservas VALUES(36,114,0);
INSERT INTO reservas VALUES(36,115,0);
INSERT INTO reservas VALUES(36,116,0);
INSERT INTO reservas VALUES(36,117,0);
INSERT INTO reservas VALUES(36,118,0);
INSERT INTO reservas VALUES(36,119,0);
INSERT INTO reservas VALUES(36,120,0);

INSERT INTO reservas VALUES(37,91,0);
INSERT INTO reservas VALUES(37,92,0);
INSERT INTO reservas VALUES(37,93,0);
INSERT INTO reservas VALUES(37,94,0);
INSERT INTO reservas VALUES(37,95,0);
INSERT INTO reservas VALUES(37,96,0);
INSERT INTO reservas VALUES(37,97,0);
INSERT INTO reservas VALUES(37,98,0);
INSERT INTO reservas VALUES(37,99,0);
INSERT INTO reservas VALUES(37,100,0);
INSERT INTO reservas VALUES(37,101,0);
INSERT INTO reservas VALUES(37,102,0);
INSERT INTO reservas VALUES(37,103,0);
INSERT INTO reservas VALUES(37,104,0);
INSERT INTO reservas VALUES(37,105,0);
INSERT INTO reservas VALUES(37,106,0);
INSERT INTO reservas VALUES(37,107,0);
INSERT INTO reservas VALUES(37,108,0);
INSERT INTO reservas VALUES(37,109,0);
INSERT INTO reservas VALUES(37,110,0);
INSERT INTO reservas VALUES(37,111,0);
INSERT INTO reservas VALUES(37,112,0);
INSERT INTO reservas VALUES(37,113,0);
INSERT INTO reservas VALUES(37,114,0);
INSERT INTO reservas VALUES(37,115,0);
INSERT INTO reservas VALUES(37,116,0);
INSERT INTO reservas VALUES(37,117,0);
INSERT INTO reservas VALUES(37,118,0);
INSERT INTO reservas VALUES(37,119,0);
INSERT INTO reservas VALUES(37,120,0);

INSERT INTO reservas VALUES(38,91,0);
INSERT INTO reservas VALUES(38,92,0);
INSERT INTO reservas VALUES(38,93,0);
INSERT INTO reservas VALUES(38,94,0);
INSERT INTO reservas VALUES(38,95,0);
INSERT INTO reservas VALUES(38,96,0);
INSERT INTO reservas VALUES(38,97,0);
INSERT INTO reservas VALUES(38,98,0);
INSERT INTO reservas VALUES(38,99,0);
INSERT INTO reservas VALUES(38,100,0);
INSERT INTO reservas VALUES(38,101,0);
INSERT INTO reservas VALUES(38,102,0);
INSERT INTO reservas VALUES(38,103,0);
INSERT INTO reservas VALUES(38,104,0);
INSERT INTO reservas VALUES(38,105,0);
INSERT INTO reservas VALUES(38,106,0);
INSERT INTO reservas VALUES(38,107,0);
INSERT INTO reservas VALUES(38,108,0);
INSERT INTO reservas VALUES(38,109,0);
INSERT INTO reservas VALUES(38,110,0);
INSERT INTO reservas VALUES(38,111,0);
INSERT INTO reservas VALUES(38,112,0);
INSERT INTO reservas VALUES(38,113,0);
INSERT INTO reservas VALUES(38,114,0);
INSERT INTO reservas VALUES(38,115,0);
INSERT INTO reservas VALUES(38,116,0);
INSERT INTO reservas VALUES(38,117,0);
INSERT INTO reservas VALUES(38,118,0);
INSERT INTO reservas VALUES(38,119,0);
INSERT INTO reservas VALUES(38,120,0);

INSERT INTO reservas VALUES(39,91,0);
INSERT INTO reservas VALUES(39,92,0);
INSERT INTO reservas VALUES(39,93,0);
INSERT INTO reservas VALUES(39,94,0);
INSERT INTO reservas VALUES(39,95,0);
INSERT INTO reservas VALUES(39,96,0);
INSERT INTO reservas VALUES(39,97,0);
INSERT INTO reservas VALUES(39,98,0);
INSERT INTO reservas VALUES(39,99,0);
INSERT INTO reservas VALUES(39,100,0);
INSERT INTO reservas VALUES(39,101,0);
INSERT INTO reservas VALUES(39,102,0);
INSERT INTO reservas VALUES(39,103,0);
INSERT INTO reservas VALUES(39,104,0);
INSERT INTO reservas VALUES(39,105,0);
INSERT INTO reservas VALUES(39,106,0);
INSERT INTO reservas VALUES(39,107,0);
INSERT INTO reservas VALUES(39,108,0);
INSERT INTO reservas VALUES(39,109,0);
INSERT INTO reservas VALUES(39,110,0);
INSERT INTO reservas VALUES(39,111,0);
INSERT INTO reservas VALUES(39,112,0);
INSERT INTO reservas VALUES(39,113,0);
INSERT INTO reservas VALUES(39,114,0);
INSERT INTO reservas VALUES(39,115,0);
INSERT INTO reservas VALUES(39,116,0);
INSERT INTO reservas VALUES(39,117,0);
INSERT INTO reservas VALUES(39,118,0);
INSERT INTO reservas VALUES(39,119,0);
INSERT INTO reservas VALUES(39,120,0);

INSERT INTO reservas VALUES(40,91,0);
INSERT INTO reservas VALUES(40,92,0);
INSERT INTO reservas VALUES(40,93,0);
INSERT INTO reservas VALUES(40,94,0);
INSERT INTO reservas VALUES(40,95,0);
INSERT INTO reservas VALUES(40,96,0);
INSERT INTO reservas VALUES(40,97,0);
INSERT INTO reservas VALUES(40,98,0);
INSERT INTO reservas VALUES(40,99,0);
INSERT INTO reservas VALUES(40,100,0);
INSERT INTO reservas VALUES(40,101,0);
INSERT INTO reservas VALUES(40,102,0);
INSERT INTO reservas VALUES(40,103,0);
INSERT INTO reservas VALUES(40,104,0);
INSERT INTO reservas VALUES(40,105,0);
INSERT INTO reservas VALUES(40,106,0);
INSERT INTO reservas VALUES(40,107,0);
INSERT INTO reservas VALUES(40,108,0);
INSERT INTO reservas VALUES(40,109,0);
INSERT INTO reservas VALUES(40,110,0);
INSERT INTO reservas VALUES(40,111,0);
INSERT INTO reservas VALUES(40,112,0);
INSERT INTO reservas VALUES(40,113,0);
INSERT INTO reservas VALUES(40,114,0);
INSERT INTO reservas VALUES(40,115,0);
INSERT INTO reservas VALUES(40,116,0);
INSERT INTO reservas VALUES(40,117,0);
INSERT INTO reservas VALUES(40,118,0);
INSERT INTO reservas VALUES(40,119,0);
INSERT INTO reservas VALUES(40,120,0);

INSERT INTO reservas VALUES(41,1,0);
INSERT INTO reservas VALUES(41,2,0);
INSERT INTO reservas VALUES(41,3,0);
INSERT INTO reservas VALUES(41,4,0);
INSERT INTO reservas VALUES(41,5,0);
INSERT INTO reservas VALUES(41,6,0);
INSERT INTO reservas VALUES(41,7,0);
INSERT INTO reservas VALUES(41,8,0);
INSERT INTO reservas VALUES(41,9,0);
INSERT INTO reservas VALUES(41,10,0);
INSERT INTO reservas VALUES(41,11,0);
INSERT INTO reservas VALUES(41,12,0);
INSERT INTO reservas VALUES(41,13,0);
INSERT INTO reservas VALUES(41,14,0);
INSERT INTO reservas VALUES(41,15,0);
INSERT INTO reservas VALUES(41,16,0);
INSERT INTO reservas VALUES(41,17,0);
INSERT INTO reservas VALUES(41,18,0);
INSERT INTO reservas VALUES(41,19,0);
INSERT INTO reservas VALUES(41,20,0);
INSERT INTO reservas VALUES(41,21,0);
INSERT INTO reservas VALUES(41,22,0);
INSERT INTO reservas VALUES(41,23,0);
INSERT INTO reservas VALUES(41,24,0);
INSERT INTO reservas VALUES(41,25,0);
INSERT INTO reservas VALUES(41,26,0);
INSERT INTO reservas VALUES(41,27,0);
INSERT INTO reservas VALUES(41,28,0);
INSERT INTO reservas VALUES(41,29,0);
INSERT INTO reservas VALUES(41,30,0);

INSERT INTO reservas VALUES(42,1,0);
INSERT INTO reservas VALUES(42,2,0);
INSERT INTO reservas VALUES(42,3,0);
INSERT INTO reservas VALUES(42,4,0);
INSERT INTO reservas VALUES(42,5,0);
INSERT INTO reservas VALUES(42,6,0);
INSERT INTO reservas VALUES(42,7,0);
INSERT INTO reservas VALUES(42,8,0);
INSERT INTO reservas VALUES(42,9,0);
INSERT INTO reservas VALUES(42,10,0);
INSERT INTO reservas VALUES(42,11,0);
INSERT INTO reservas VALUES(42,12,0);
INSERT INTO reservas VALUES(42,13,0);
INSERT INTO reservas VALUES(42,14,0);
INSERT INTO reservas VALUES(42,15,0);
INSERT INTO reservas VALUES(42,16,0);
INSERT INTO reservas VALUES(42,17,0);
INSERT INTO reservas VALUES(42,18,0);
INSERT INTO reservas VALUES(42,19,0);
INSERT INTO reservas VALUES(42,20,0);
INSERT INTO reservas VALUES(42,21,0);
INSERT INTO reservas VALUES(42,22,0);
INSERT INTO reservas VALUES(42,23,0);
INSERT INTO reservas VALUES(42,24,0);
INSERT INTO reservas VALUES(42,25,0);
INSERT INTO reservas VALUES(42,26,0);
INSERT INTO reservas VALUES(42,27,0);
INSERT INTO reservas VALUES(42,28,0);
INSERT INTO reservas VALUES(42,29,0);
INSERT INTO reservas VALUES(42,30,0);

INSERT INTO reservas VALUES(43,1,0);
INSERT INTO reservas VALUES(43,2,0);
INSERT INTO reservas VALUES(43,3,0);
INSERT INTO reservas VALUES(43,4,0);
INSERT INTO reservas VALUES(43,5,0);
INSERT INTO reservas VALUES(43,6,0);
INSERT INTO reservas VALUES(43,7,0);
INSERT INTO reservas VALUES(43,8,0);
INSERT INTO reservas VALUES(43,9,0);
INSERT INTO reservas VALUES(43,10,0);
INSERT INTO reservas VALUES(43,11,0);
INSERT INTO reservas VALUES(43,12,0);
INSERT INTO reservas VALUES(43,13,0);
INSERT INTO reservas VALUES(43,14,0);
INSERT INTO reservas VALUES(43,15,0);
INSERT INTO reservas VALUES(43,16,0);
INSERT INTO reservas VALUES(43,17,0);
INSERT INTO reservas VALUES(43,18,0);
INSERT INTO reservas VALUES(43,19,0);
INSERT INTO reservas VALUES(43,20,0);
INSERT INTO reservas VALUES(43,21,0);
INSERT INTO reservas VALUES(43,22,0);
INSERT INTO reservas VALUES(43,23,0);
INSERT INTO reservas VALUES(43,24,0);
INSERT INTO reservas VALUES(43,25,0);
INSERT INTO reservas VALUES(43,26,0);
INSERT INTO reservas VALUES(43,27,0);
INSERT INTO reservas VALUES(43,28,0);
INSERT INTO reservas VALUES(43,29,0);
INSERT INTO reservas VALUES(43,30,0);

INSERT INTO reservas VALUES(44,1,0);
INSERT INTO reservas VALUES(44,2,0);
INSERT INTO reservas VALUES(44,3,0);
INSERT INTO reservas VALUES(44,4,0);
INSERT INTO reservas VALUES(44,5,0);
INSERT INTO reservas VALUES(44,6,0);
INSERT INTO reservas VALUES(44,7,0);
INSERT INTO reservas VALUES(44,8,0);
INSERT INTO reservas VALUES(44,9,0);
INSERT INTO reservas VALUES(44,10,0);
INSERT INTO reservas VALUES(44,11,0);
INSERT INTO reservas VALUES(44,12,0);
INSERT INTO reservas VALUES(44,13,0);
INSERT INTO reservas VALUES(44,14,0);
INSERT INTO reservas VALUES(44,15,0);
INSERT INTO reservas VALUES(44,16,0);
INSERT INTO reservas VALUES(44,17,0);
INSERT INTO reservas VALUES(44,18,0);
INSERT INTO reservas VALUES(44,19,0);
INSERT INTO reservas VALUES(44,20,0);
INSERT INTO reservas VALUES(44,21,0);
INSERT INTO reservas VALUES(44,22,0);
INSERT INTO reservas VALUES(44,23,0);
INSERT INTO reservas VALUES(44,24,0);
INSERT INTO reservas VALUES(44,25,0);
INSERT INTO reservas VALUES(44,26,0);
INSERT INTO reservas VALUES(44,27,0);
INSERT INTO reservas VALUES(44,28,0);
INSERT INTO reservas VALUES(44,29,0);
INSERT INTO reservas VALUES(44,30,0);

INSERT INTO reservas VALUES(45,1,0);
INSERT INTO reservas VALUES(45,2,0);
INSERT INTO reservas VALUES(45,3,0);
INSERT INTO reservas VALUES(45,4,0);
INSERT INTO reservas VALUES(45,5,0);
INSERT INTO reservas VALUES(45,6,0);
INSERT INTO reservas VALUES(45,7,0);
INSERT INTO reservas VALUES(45,8,0);
INSERT INTO reservas VALUES(45,9,0);
INSERT INTO reservas VALUES(45,10,0);
INSERT INTO reservas VALUES(45,11,0);
INSERT INTO reservas VALUES(45,12,0);
INSERT INTO reservas VALUES(45,13,0);
INSERT INTO reservas VALUES(45,14,0);
INSERT INTO reservas VALUES(45,15,0);
INSERT INTO reservas VALUES(45,16,0);
INSERT INTO reservas VALUES(45,17,0);
INSERT INTO reservas VALUES(45,18,0);
INSERT INTO reservas VALUES(45,19,0);
INSERT INTO reservas VALUES(45,20,0);
INSERT INTO reservas VALUES(45,21,0);
INSERT INTO reservas VALUES(45,22,0);
INSERT INTO reservas VALUES(45,23,0);
INSERT INTO reservas VALUES(45,24,0);
INSERT INTO reservas VALUES(45,25,0);
INSERT INTO reservas VALUES(45,26,0);
INSERT INTO reservas VALUES(45,27,0);
INSERT INTO reservas VALUES(45,28,0);
INSERT INTO reservas VALUES(45,29,0);
INSERT INTO reservas VALUES(45,30,0);

INSERT INTO reservas VALUES(46,1,0);
INSERT INTO reservas VALUES(46,2,0);
INSERT INTO reservas VALUES(46,3,0);
INSERT INTO reservas VALUES(46,4,0);
INSERT INTO reservas VALUES(46,5,0);
INSERT INTO reservas VALUES(46,6,0);
INSERT INTO reservas VALUES(46,7,0);
INSERT INTO reservas VALUES(46,8,0);
INSERT INTO reservas VALUES(46,9,0);
INSERT INTO reservas VALUES(46,10,0);
INSERT INTO reservas VALUES(46,11,0);
INSERT INTO reservas VALUES(46,12,0);
INSERT INTO reservas VALUES(46,13,0);
INSERT INTO reservas VALUES(46,14,0);
INSERT INTO reservas VALUES(46,15,0);
INSERT INTO reservas VALUES(46,16,0);
INSERT INTO reservas VALUES(46,17,0);
INSERT INTO reservas VALUES(46,18,0);
INSERT INTO reservas VALUES(46,19,0);
INSERT INTO reservas VALUES(46,20,0);
INSERT INTO reservas VALUES(46,21,0);
INSERT INTO reservas VALUES(46,22,0);
INSERT INTO reservas VALUES(46,23,0);
INSERT INTO reservas VALUES(46,24,0);
INSERT INTO reservas VALUES(46,25,0);
INSERT INTO reservas VALUES(46,26,0);
INSERT INTO reservas VALUES(46,27,0);
INSERT INTO reservas VALUES(46,28,0);
INSERT INTO reservas VALUES(46,29,0);
INSERT INTO reservas VALUES(46,30,0);

INSERT INTO reservas VALUES(47,1,0);
INSERT INTO reservas VALUES(47,2,0);
INSERT INTO reservas VALUES(47,3,0);
INSERT INTO reservas VALUES(47,4,0);
INSERT INTO reservas VALUES(47,5,0);
INSERT INTO reservas VALUES(47,6,0);
INSERT INTO reservas VALUES(47,7,0);
INSERT INTO reservas VALUES(47,8,0);
INSERT INTO reservas VALUES(47,9,0);
INSERT INTO reservas VALUES(47,10,0);
INSERT INTO reservas VALUES(47,11,0);
INSERT INTO reservas VALUES(47,12,0);
INSERT INTO reservas VALUES(47,13,0);
INSERT INTO reservas VALUES(47,14,0);
INSERT INTO reservas VALUES(47,15,0);
INSERT INTO reservas VALUES(47,16,0);
INSERT INTO reservas VALUES(47,17,0);
INSERT INTO reservas VALUES(47,18,0);
INSERT INTO reservas VALUES(47,19,0);
INSERT INTO reservas VALUES(47,20,0);
INSERT INTO reservas VALUES(47,21,0);
INSERT INTO reservas VALUES(47,22,0);
INSERT INTO reservas VALUES(47,23,0);
INSERT INTO reservas VALUES(47,24,0);
INSERT INTO reservas VALUES(47,25,0);
INSERT INTO reservas VALUES(47,26,0);
INSERT INTO reservas VALUES(47,27,0);
INSERT INTO reservas VALUES(47,28,0);
INSERT INTO reservas VALUES(47,29,0);
INSERT INTO reservas VALUES(47,30,0);

INSERT INTO reservas VALUES(48,1,0);
INSERT INTO reservas VALUES(48,2,0);
INSERT INTO reservas VALUES(48,3,0);
INSERT INTO reservas VALUES(48,4,0);
INSERT INTO reservas VALUES(48,5,0);
INSERT INTO reservas VALUES(48,6,0);
INSERT INTO reservas VALUES(48,7,0);
INSERT INTO reservas VALUES(48,8,0);
INSERT INTO reservas VALUES(48,9,0);
INSERT INTO reservas VALUES(48,10,0);
INSERT INTO reservas VALUES(48,11,0);
INSERT INTO reservas VALUES(48,12,0);
INSERT INTO reservas VALUES(48,13,0);
INSERT INTO reservas VALUES(48,14,0);
INSERT INTO reservas VALUES(48,15,0);
INSERT INTO reservas VALUES(48,16,0);
INSERT INTO reservas VALUES(48,17,0);
INSERT INTO reservas VALUES(48,18,0);
INSERT INTO reservas VALUES(48,19,0);
INSERT INTO reservas VALUES(48,20,0);
INSERT INTO reservas VALUES(48,21,0);
INSERT INTO reservas VALUES(48,22,0);
INSERT INTO reservas VALUES(48,23,0);
INSERT INTO reservas VALUES(48,24,0);
INSERT INTO reservas VALUES(48,25,0);
INSERT INTO reservas VALUES(48,26,0);
INSERT INTO reservas VALUES(48,27,0);
INSERT INTO reservas VALUES(48,28,0);
INSERT INTO reservas VALUES(48,29,0);
INSERT INTO reservas VALUES(48,30,0);

INSERT INTO reservas VALUES(49,1,0);
INSERT INTO reservas VALUES(49,2,0);
INSERT INTO reservas VALUES(49,3,0);
INSERT INTO reservas VALUES(49,4,0);
INSERT INTO reservas VALUES(49,5,0);
INSERT INTO reservas VALUES(49,6,0);
INSERT INTO reservas VALUES(49,7,0);
INSERT INTO reservas VALUES(49,8,0);
INSERT INTO reservas VALUES(49,9,0);
INSERT INTO reservas VALUES(49,10,0);
INSERT INTO reservas VALUES(49,11,0);
INSERT INTO reservas VALUES(49,12,0);
INSERT INTO reservas VALUES(49,13,0);
INSERT INTO reservas VALUES(49,14,0);
INSERT INTO reservas VALUES(49,15,0);
INSERT INTO reservas VALUES(49,16,0);
INSERT INTO reservas VALUES(49,17,0);
INSERT INTO reservas VALUES(49,18,0);
INSERT INTO reservas VALUES(49,19,0);
INSERT INTO reservas VALUES(49,20,0);
INSERT INTO reservas VALUES(49,21,0);
INSERT INTO reservas VALUES(49,22,0);
INSERT INTO reservas VALUES(49,23,0);
INSERT INTO reservas VALUES(49,24,0);
INSERT INTO reservas VALUES(49,25,0);
INSERT INTO reservas VALUES(49,26,0);
INSERT INTO reservas VALUES(49,27,0);
INSERT INTO reservas VALUES(49,28,0);
INSERT INTO reservas VALUES(49,29,0);
INSERT INTO reservas VALUES(49,30,0);

INSERT INTO reservas VALUES(50,1,0);
INSERT INTO reservas VALUES(50,2,0);
INSERT INTO reservas VALUES(50,3,0);
INSERT INTO reservas VALUES(50,4,0);
INSERT INTO reservas VALUES(50,5,0);
INSERT INTO reservas VALUES(50,6,0);
INSERT INTO reservas VALUES(50,7,0);
INSERT INTO reservas VALUES(50,8,0);
INSERT INTO reservas VALUES(50,9,0);
INSERT INTO reservas VALUES(50,10,0);
INSERT INTO reservas VALUES(50,11,0);
INSERT INTO reservas VALUES(50,12,0);
INSERT INTO reservas VALUES(50,13,0);
INSERT INTO reservas VALUES(50,14,0);
INSERT INTO reservas VALUES(50,15,0);
INSERT INTO reservas VALUES(50,16,0);
INSERT INTO reservas VALUES(50,17,0);
INSERT INTO reservas VALUES(50,18,0);
INSERT INTO reservas VALUES(50,19,0);
INSERT INTO reservas VALUES(50,20,0);
INSERT INTO reservas VALUES(50,21,0);
INSERT INTO reservas VALUES(50,22,0);
INSERT INTO reservas VALUES(50,23,0);
INSERT INTO reservas VALUES(50,24,0);
INSERT INTO reservas VALUES(50,25,0);
INSERT INTO reservas VALUES(50,26,0);
INSERT INTO reservas VALUES(50,27,0);
INSERT INTO reservas VALUES(50,28,0);
INSERT INTO reservas VALUES(50,29,0);
INSERT INTO reservas VALUES(50,30,0);

INSERT INTO reservas VALUES(51,31,0);
INSERT INTO reservas VALUES(51,32,0);
INSERT INTO reservas VALUES(51,33,0);
INSERT INTO reservas VALUES(51,34,0);
INSERT INTO reservas VALUES(51,35,0);
INSERT INTO reservas VALUES(51,36,0);
INSERT INTO reservas VALUES(51,37,0);
INSERT INTO reservas VALUES(51,38,0);
INSERT INTO reservas VALUES(51,39,0);
INSERT INTO reservas VALUES(51,40,0);
INSERT INTO reservas VALUES(51,41,0);
INSERT INTO reservas VALUES(51,42,0);
INSERT INTO reservas VALUES(51,43,0);
INSERT INTO reservas VALUES(51,44,0);
INSERT INTO reservas VALUES(51,45,0);
INSERT INTO reservas VALUES(51,46,0);
INSERT INTO reservas VALUES(51,47,0);
INSERT INTO reservas VALUES(51,48,0);
INSERT INTO reservas VALUES(51,49,0);
INSERT INTO reservas VALUES(51,50,0);
INSERT INTO reservas VALUES(51,51,0);
INSERT INTO reservas VALUES(51,52,0);
INSERT INTO reservas VALUES(51,53,0);
INSERT INTO reservas VALUES(51,54,0);
INSERT INTO reservas VALUES(51,55,0);
INSERT INTO reservas VALUES(51,56,0);
INSERT INTO reservas VALUES(51,57,0);
INSERT INTO reservas VALUES(51,58,0);
INSERT INTO reservas VALUES(51,59,0);
INSERT INTO reservas VALUES(51,60,0);

INSERT INTO reservas VALUES(52,31,0);
INSERT INTO reservas VALUES(52,32,0);
INSERT INTO reservas VALUES(52,33,0);
INSERT INTO reservas VALUES(52,34,0);
INSERT INTO reservas VALUES(52,35,0);
INSERT INTO reservas VALUES(52,36,0);
INSERT INTO reservas VALUES(52,37,0);
INSERT INTO reservas VALUES(52,38,0);
INSERT INTO reservas VALUES(52,39,0);
INSERT INTO reservas VALUES(52,40,0);
INSERT INTO reservas VALUES(52,41,0);
INSERT INTO reservas VALUES(52,42,0);
INSERT INTO reservas VALUES(52,43,0);
INSERT INTO reservas VALUES(52,44,0);
INSERT INTO reservas VALUES(52,45,0);
INSERT INTO reservas VALUES(52,46,0);
INSERT INTO reservas VALUES(52,47,0);
INSERT INTO reservas VALUES(52,48,0);
INSERT INTO reservas VALUES(52,49,0);
INSERT INTO reservas VALUES(52,50,0);
INSERT INTO reservas VALUES(52,51,0);
INSERT INTO reservas VALUES(52,52,0);
INSERT INTO reservas VALUES(52,53,0);
INSERT INTO reservas VALUES(52,54,0);
INSERT INTO reservas VALUES(52,55,0);
INSERT INTO reservas VALUES(52,56,0);
INSERT INTO reservas VALUES(52,57,0);
INSERT INTO reservas VALUES(52,58,0);
INSERT INTO reservas VALUES(52,59,0);
INSERT INTO reservas VALUES(52,60,0);

INSERT INTO reservas VALUES(53,31,0);
INSERT INTO reservas VALUES(53,32,0);
INSERT INTO reservas VALUES(53,33,0);
INSERT INTO reservas VALUES(53,34,0);
INSERT INTO reservas VALUES(53,35,0);
INSERT INTO reservas VALUES(53,36,0);
INSERT INTO reservas VALUES(53,37,0);
INSERT INTO reservas VALUES(53,38,0);
INSERT INTO reservas VALUES(53,39,0);
INSERT INTO reservas VALUES(53,40,0);
INSERT INTO reservas VALUES(53,41,0);
INSERT INTO reservas VALUES(53,42,0);
INSERT INTO reservas VALUES(53,43,0);
INSERT INTO reservas VALUES(53,44,0);
INSERT INTO reservas VALUES(53,45,0);
INSERT INTO reservas VALUES(53,46,0);
INSERT INTO reservas VALUES(53,47,0);
INSERT INTO reservas VALUES(53,48,0);
INSERT INTO reservas VALUES(53,49,0);
INSERT INTO reservas VALUES(53,50,0);
INSERT INTO reservas VALUES(53,51,0);
INSERT INTO reservas VALUES(53,52,0);
INSERT INTO reservas VALUES(53,53,0);
INSERT INTO reservas VALUES(53,54,0);
INSERT INTO reservas VALUES(53,55,0);
INSERT INTO reservas VALUES(53,56,0);
INSERT INTO reservas VALUES(53,57,0);
INSERT INTO reservas VALUES(53,58,0);
INSERT INTO reservas VALUES(53,59,0);
INSERT INTO reservas VALUES(53,60,0);

INSERT INTO reservas VALUES(54,31,0);
INSERT INTO reservas VALUES(54,32,0);
INSERT INTO reservas VALUES(54,33,0);
INSERT INTO reservas VALUES(54,34,0);
INSERT INTO reservas VALUES(54,35,0);
INSERT INTO reservas VALUES(54,36,0);
INSERT INTO reservas VALUES(54,37,0);
INSERT INTO reservas VALUES(54,38,0);
INSERT INTO reservas VALUES(54,39,0);
INSERT INTO reservas VALUES(54,40,0);
INSERT INTO reservas VALUES(54,41,0);
INSERT INTO reservas VALUES(54,42,0);
INSERT INTO reservas VALUES(54,43,0);
INSERT INTO reservas VALUES(54,44,0);
INSERT INTO reservas VALUES(54,45,0);
INSERT INTO reservas VALUES(54,46,0);
INSERT INTO reservas VALUES(54,47,0);
INSERT INTO reservas VALUES(54,48,0);
INSERT INTO reservas VALUES(54,49,0);
INSERT INTO reservas VALUES(54,50,0);
INSERT INTO reservas VALUES(54,51,0);
INSERT INTO reservas VALUES(54,52,0);
INSERT INTO reservas VALUES(54,53,0);
INSERT INTO reservas VALUES(54,54,0);
INSERT INTO reservas VALUES(54,55,0);
INSERT INTO reservas VALUES(54,56,0);
INSERT INTO reservas VALUES(54,57,0);
INSERT INTO reservas VALUES(54,58,0);
INSERT INTO reservas VALUES(54,59,0);
INSERT INTO reservas VALUES(54,60,0);

INSERT INTO reservas VALUES(55,31,0);
INSERT INTO reservas VALUES(55,32,0);
INSERT INTO reservas VALUES(55,33,0);
INSERT INTO reservas VALUES(55,34,0);
INSERT INTO reservas VALUES(55,35,0);
INSERT INTO reservas VALUES(55,36,0);
INSERT INTO reservas VALUES(55,37,0);
INSERT INTO reservas VALUES(55,38,0);
INSERT INTO reservas VALUES(55,39,0);
INSERT INTO reservas VALUES(55,40,0);
INSERT INTO reservas VALUES(55,41,0);
INSERT INTO reservas VALUES(55,42,0);
INSERT INTO reservas VALUES(55,43,0);
INSERT INTO reservas VALUES(55,44,0);
INSERT INTO reservas VALUES(55,45,0);
INSERT INTO reservas VALUES(55,46,0);
INSERT INTO reservas VALUES(55,47,0);
INSERT INTO reservas VALUES(55,48,0);
INSERT INTO reservas VALUES(55,49,0);
INSERT INTO reservas VALUES(55,50,0);
INSERT INTO reservas VALUES(55,51,0);
INSERT INTO reservas VALUES(55,52,0);
INSERT INTO reservas VALUES(55,53,0);
INSERT INTO reservas VALUES(55,54,0);
INSERT INTO reservas VALUES(55,55,0);
INSERT INTO reservas VALUES(55,56,0);
INSERT INTO reservas VALUES(55,57,0);
INSERT INTO reservas VALUES(55,58,0);
INSERT INTO reservas VALUES(55,59,0);
INSERT INTO reservas VALUES(55,60,0);

INSERT INTO reservas VALUES(56,31,0);
INSERT INTO reservas VALUES(56,32,0);
INSERT INTO reservas VALUES(56,33,0);
INSERT INTO reservas VALUES(56,34,0);
INSERT INTO reservas VALUES(56,35,0);
INSERT INTO reservas VALUES(56,36,0);
INSERT INTO reservas VALUES(56,37,0);
INSERT INTO reservas VALUES(56,38,0);
INSERT INTO reservas VALUES(56,39,0);
INSERT INTO reservas VALUES(56,40,0);
INSERT INTO reservas VALUES(56,41,0);
INSERT INTO reservas VALUES(56,42,0);
INSERT INTO reservas VALUES(56,43,0);
INSERT INTO reservas VALUES(56,44,0);
INSERT INTO reservas VALUES(56,45,0);
INSERT INTO reservas VALUES(56,46,0);
INSERT INTO reservas VALUES(56,47,0);
INSERT INTO reservas VALUES(56,48,0);
INSERT INTO reservas VALUES(56,49,0);
INSERT INTO reservas VALUES(56,50,0);
INSERT INTO reservas VALUES(56,51,0);
INSERT INTO reservas VALUES(56,52,0);
INSERT INTO reservas VALUES(56,53,0);
INSERT INTO reservas VALUES(56,54,0);
INSERT INTO reservas VALUES(56,55,0);
INSERT INTO reservas VALUES(56,56,0);
INSERT INTO reservas VALUES(56,57,0);
INSERT INTO reservas VALUES(56,58,0);
INSERT INTO reservas VALUES(56,59,0);
INSERT INTO reservas VALUES(56,60,0);

INSERT INTO reservas VALUES(57,31,0);
INSERT INTO reservas VALUES(57,32,0);
INSERT INTO reservas VALUES(57,33,0);
INSERT INTO reservas VALUES(57,34,0);
INSERT INTO reservas VALUES(57,35,0);
INSERT INTO reservas VALUES(57,36,0);
INSERT INTO reservas VALUES(57,37,0);
INSERT INTO reservas VALUES(57,38,0);
INSERT INTO reservas VALUES(57,39,0);
INSERT INTO reservas VALUES(57,40,0);
INSERT INTO reservas VALUES(57,41,0);
INSERT INTO reservas VALUES(57,42,0);
INSERT INTO reservas VALUES(57,43,0);
INSERT INTO reservas VALUES(57,44,0);
INSERT INTO reservas VALUES(57,45,0);
INSERT INTO reservas VALUES(57,46,0);
INSERT INTO reservas VALUES(57,47,0);
INSERT INTO reservas VALUES(57,48,0);
INSERT INTO reservas VALUES(57,49,0);
INSERT INTO reservas VALUES(57,50,0);
INSERT INTO reservas VALUES(57,51,0);
INSERT INTO reservas VALUES(57,52,0);
INSERT INTO reservas VALUES(57,53,0);
INSERT INTO reservas VALUES(57,54,0);
INSERT INTO reservas VALUES(57,55,0);
INSERT INTO reservas VALUES(57,56,0);
INSERT INTO reservas VALUES(57,57,0);
INSERT INTO reservas VALUES(57,58,0);
INSERT INTO reservas VALUES(57,59,0);
INSERT INTO reservas VALUES(57,60,0);

INSERT INTO reservas VALUES(58,31,0);
INSERT INTO reservas VALUES(58,32,0);
INSERT INTO reservas VALUES(58,33,0);
INSERT INTO reservas VALUES(58,34,0);
INSERT INTO reservas VALUES(58,35,0);
INSERT INTO reservas VALUES(58,36,0);
INSERT INTO reservas VALUES(58,37,0);
INSERT INTO reservas VALUES(58,38,0);
INSERT INTO reservas VALUES(58,39,0);
INSERT INTO reservas VALUES(58,40,0);
INSERT INTO reservas VALUES(58,41,0);
INSERT INTO reservas VALUES(58,42,0);
INSERT INTO reservas VALUES(58,43,0);
INSERT INTO reservas VALUES(58,44,0);
INSERT INTO reservas VALUES(58,45,0);
INSERT INTO reservas VALUES(58,46,0);
INSERT INTO reservas VALUES(58,47,0);
INSERT INTO reservas VALUES(58,48,0);
INSERT INTO reservas VALUES(58,49,0);
INSERT INTO reservas VALUES(58,50,0);
INSERT INTO reservas VALUES(58,51,0);
INSERT INTO reservas VALUES(58,52,0);
INSERT INTO reservas VALUES(58,53,0);
INSERT INTO reservas VALUES(58,54,0);
INSERT INTO reservas VALUES(58,55,0);
INSERT INTO reservas VALUES(58,56,0);
INSERT INTO reservas VALUES(58,57,0);
INSERT INTO reservas VALUES(58,58,0);
INSERT INTO reservas VALUES(58,59,0);
INSERT INTO reservas VALUES(58,60,0);

INSERT INTO reservas VALUES(59,31,0);
INSERT INTO reservas VALUES(59,32,0);
INSERT INTO reservas VALUES(59,33,0);
INSERT INTO reservas VALUES(59,34,0);
INSERT INTO reservas VALUES(59,35,0);
INSERT INTO reservas VALUES(59,36,0);
INSERT INTO reservas VALUES(59,37,0);
INSERT INTO reservas VALUES(59,38,0);
INSERT INTO reservas VALUES(59,39,0);
INSERT INTO reservas VALUES(59,40,0);
INSERT INTO reservas VALUES(59,41,0);
INSERT INTO reservas VALUES(59,42,0);
INSERT INTO reservas VALUES(59,43,0);
INSERT INTO reservas VALUES(59,44,0);
INSERT INTO reservas VALUES(59,45,0);
INSERT INTO reservas VALUES(59,46,0);
INSERT INTO reservas VALUES(59,47,0);
INSERT INTO reservas VALUES(59,48,0);
INSERT INTO reservas VALUES(59,49,0);
INSERT INTO reservas VALUES(59,50,0);
INSERT INTO reservas VALUES(59,51,0);
INSERT INTO reservas VALUES(59,52,0);
INSERT INTO reservas VALUES(59,53,0);
INSERT INTO reservas VALUES(59,54,0);
INSERT INTO reservas VALUES(59,55,0);
INSERT INTO reservas VALUES(59,56,0);
INSERT INTO reservas VALUES(59,57,0);
INSERT INTO reservas VALUES(59,58,0);
INSERT INTO reservas VALUES(59,59,0);
INSERT INTO reservas VALUES(59,60,0);

INSERT INTO reservas VALUES(60,31,0);
INSERT INTO reservas VALUES(60,32,0);
INSERT INTO reservas VALUES(60,33,0);
INSERT INTO reservas VALUES(60,34,0);
INSERT INTO reservas VALUES(60,35,0);
INSERT INTO reservas VALUES(60,36,0);
INSERT INTO reservas VALUES(60,37,0);
INSERT INTO reservas VALUES(60,38,0);
INSERT INTO reservas VALUES(60,39,0);
INSERT INTO reservas VALUES(60,40,0);
INSERT INTO reservas VALUES(60,41,0);
INSERT INTO reservas VALUES(60,42,0);
INSERT INTO reservas VALUES(60,43,0);
INSERT INTO reservas VALUES(60,44,0);
INSERT INTO reservas VALUES(60,45,0);
INSERT INTO reservas VALUES(60,46,0);
INSERT INTO reservas VALUES(60,47,0);
INSERT INTO reservas VALUES(60,48,0);
INSERT INTO reservas VALUES(60,49,0);
INSERT INTO reservas VALUES(60,50,0);
INSERT INTO reservas VALUES(60,51,0);
INSERT INTO reservas VALUES(60,52,0);
INSERT INTO reservas VALUES(60,53,0);
INSERT INTO reservas VALUES(60,54,0);
INSERT INTO reservas VALUES(60,55,0);
INSERT INTO reservas VALUES(60,56,0);
INSERT INTO reservas VALUES(60,57,0);
INSERT INTO reservas VALUES(60,58,0);
INSERT INTO reservas VALUES(60,59,0);
INSERT INTO reservas VALUES(60,60,0);

INSERT INTO reservas VALUES(61,61,0);
INSERT INTO reservas VALUES(61,62,0);
INSERT INTO reservas VALUES(61,63,0);
INSERT INTO reservas VALUES(61,64,0);
INSERT INTO reservas VALUES(61,65,0);
INSERT INTO reservas VALUES(61,66,0);
INSERT INTO reservas VALUES(61,67,0);
INSERT INTO reservas VALUES(61,68,0);
INSERT INTO reservas VALUES(61,69,0);
INSERT INTO reservas VALUES(61,70,0);
INSERT INTO reservas VALUES(61,71,0);
INSERT INTO reservas VALUES(61,72,0);
INSERT INTO reservas VALUES(61,73,0);
INSERT INTO reservas VALUES(61,74,0);
INSERT INTO reservas VALUES(61,75,0);
INSERT INTO reservas VALUES(61,76,0);
INSERT INTO reservas VALUES(61,77,0);
INSERT INTO reservas VALUES(61,78,0);
INSERT INTO reservas VALUES(61,79,0);
INSERT INTO reservas VALUES(61,80,0);
INSERT INTO reservas VALUES(61,81,0);
INSERT INTO reservas VALUES(61,82,0);
INSERT INTO reservas VALUES(61,83,0);
INSERT INTO reservas VALUES(61,84,0);
INSERT INTO reservas VALUES(61,85,0);
INSERT INTO reservas VALUES(61,86,0);
INSERT INTO reservas VALUES(61,87,0);
INSERT INTO reservas VALUES(61,88,0);
INSERT INTO reservas VALUES(61,89,0);
INSERT INTO reservas VALUES(61,90,0);

INSERT INTO reservas VALUES(62,61,0);
INSERT INTO reservas VALUES(62,62,0);
INSERT INTO reservas VALUES(62,63,0);
INSERT INTO reservas VALUES(62,64,0);
INSERT INTO reservas VALUES(62,65,0);
INSERT INTO reservas VALUES(62,66,0);
INSERT INTO reservas VALUES(62,67,0);
INSERT INTO reservas VALUES(62,68,0);
INSERT INTO reservas VALUES(62,69,0);
INSERT INTO reservas VALUES(62,70,0);
INSERT INTO reservas VALUES(62,71,0);
INSERT INTO reservas VALUES(62,72,0);
INSERT INTO reservas VALUES(62,73,0);
INSERT INTO reservas VALUES(62,74,0);
INSERT INTO reservas VALUES(62,75,0);
INSERT INTO reservas VALUES(62,76,0);
INSERT INTO reservas VALUES(62,77,0);
INSERT INTO reservas VALUES(62,78,0);
INSERT INTO reservas VALUES(62,79,0);
INSERT INTO reservas VALUES(62,80,0);
INSERT INTO reservas VALUES(62,81,0);
INSERT INTO reservas VALUES(62,82,0);
INSERT INTO reservas VALUES(62,83,0);
INSERT INTO reservas VALUES(62,84,0);
INSERT INTO reservas VALUES(62,85,0);
INSERT INTO reservas VALUES(62,86,0);
INSERT INTO reservas VALUES(62,87,0);
INSERT INTO reservas VALUES(62,88,0);
INSERT INTO reservas VALUES(62,89,0);
INSERT INTO reservas VALUES(62,90,0);

INSERT INTO reservas VALUES(63,61,0);
INSERT INTO reservas VALUES(63,62,0);
INSERT INTO reservas VALUES(63,63,0);
INSERT INTO reservas VALUES(63,64,0);
INSERT INTO reservas VALUES(63,65,0);
INSERT INTO reservas VALUES(63,66,0);
INSERT INTO reservas VALUES(63,67,0);
INSERT INTO reservas VALUES(63,68,0);
INSERT INTO reservas VALUES(63,69,0);
INSERT INTO reservas VALUES(63,70,0);
INSERT INTO reservas VALUES(63,71,0);
INSERT INTO reservas VALUES(63,72,0);
INSERT INTO reservas VALUES(63,73,0);
INSERT INTO reservas VALUES(63,74,0);
INSERT INTO reservas VALUES(63,75,0);
INSERT INTO reservas VALUES(63,76,0);
INSERT INTO reservas VALUES(63,77,0);
INSERT INTO reservas VALUES(63,78,0);
INSERT INTO reservas VALUES(63,79,0);
INSERT INTO reservas VALUES(63,80,0);
INSERT INTO reservas VALUES(63,81,0);
INSERT INTO reservas VALUES(63,82,0);
INSERT INTO reservas VALUES(63,83,0);
INSERT INTO reservas VALUES(63,84,0);
INSERT INTO reservas VALUES(63,85,0);
INSERT INTO reservas VALUES(63,86,0);
INSERT INTO reservas VALUES(63,87,0);
INSERT INTO reservas VALUES(63,88,0);
INSERT INTO reservas VALUES(63,89,0);
INSERT INTO reservas VALUES(63,90,0);

INSERT INTO reservas VALUES(64,61,0);
INSERT INTO reservas VALUES(64,62,0);
INSERT INTO reservas VALUES(64,63,0);
INSERT INTO reservas VALUES(64,64,0);
INSERT INTO reservas VALUES(64,65,0);
INSERT INTO reservas VALUES(64,66,0);
INSERT INTO reservas VALUES(64,67,0);
INSERT INTO reservas VALUES(64,68,0);
INSERT INTO reservas VALUES(64,69,0);
INSERT INTO reservas VALUES(64,70,0);
INSERT INTO reservas VALUES(64,71,0);
INSERT INTO reservas VALUES(64,72,0);
INSERT INTO reservas VALUES(64,73,0);
INSERT INTO reservas VALUES(64,74,0);
INSERT INTO reservas VALUES(64,75,0);
INSERT INTO reservas VALUES(64,76,0);
INSERT INTO reservas VALUES(64,77,0);
INSERT INTO reservas VALUES(64,78,0);
INSERT INTO reservas VALUES(64,79,0);
INSERT INTO reservas VALUES(64,80,0);
INSERT INTO reservas VALUES(64,81,0);
INSERT INTO reservas VALUES(64,82,0);
INSERT INTO reservas VALUES(64,83,0);
INSERT INTO reservas VALUES(64,84,0);
INSERT INTO reservas VALUES(64,85,0);
INSERT INTO reservas VALUES(64,86,0);
INSERT INTO reservas VALUES(64,87,0);
INSERT INTO reservas VALUES(64,88,0);
INSERT INTO reservas VALUES(64,89,0);
INSERT INTO reservas VALUES(64,90,0);

INSERT INTO reservas VALUES(65,61,0);
INSERT INTO reservas VALUES(65,62,0);
INSERT INTO reservas VALUES(65,63,0);
INSERT INTO reservas VALUES(65,64,0);
INSERT INTO reservas VALUES(65,65,0);
INSERT INTO reservas VALUES(65,66,0);
INSERT INTO reservas VALUES(65,67,0);
INSERT INTO reservas VALUES(65,68,0);
INSERT INTO reservas VALUES(65,69,0);
INSERT INTO reservas VALUES(65,70,0);
INSERT INTO reservas VALUES(65,71,0);
INSERT INTO reservas VALUES(65,72,0);
INSERT INTO reservas VALUES(65,73,0);
INSERT INTO reservas VALUES(65,74,0);
INSERT INTO reservas VALUES(65,75,0);
INSERT INTO reservas VALUES(65,76,0);
INSERT INTO reservas VALUES(65,77,0);
INSERT INTO reservas VALUES(65,78,0);
INSERT INTO reservas VALUES(65,79,0);
INSERT INTO reservas VALUES(65,80,0);
INSERT INTO reservas VALUES(65,81,0);
INSERT INTO reservas VALUES(65,82,0);
INSERT INTO reservas VALUES(65,83,0);
INSERT INTO reservas VALUES(65,84,0);
INSERT INTO reservas VALUES(65,85,0);
INSERT INTO reservas VALUES(65,86,0);
INSERT INTO reservas VALUES(65,87,0);
INSERT INTO reservas VALUES(65,88,0);
INSERT INTO reservas VALUES(65,89,0);
INSERT INTO reservas VALUES(65,90,0);

INSERT INTO reservas VALUES(66,61,0);
INSERT INTO reservas VALUES(66,62,0);
INSERT INTO reservas VALUES(66,63,0);
INSERT INTO reservas VALUES(66,64,0);
INSERT INTO reservas VALUES(66,65,0);
INSERT INTO reservas VALUES(66,66,0);
INSERT INTO reservas VALUES(66,67,0);
INSERT INTO reservas VALUES(66,68,0);
INSERT INTO reservas VALUES(66,69,0);
INSERT INTO reservas VALUES(66,70,0);
INSERT INTO reservas VALUES(66,71,0);
INSERT INTO reservas VALUES(66,72,0);
INSERT INTO reservas VALUES(66,73,0);
INSERT INTO reservas VALUES(66,74,0);
INSERT INTO reservas VALUES(66,75,0);
INSERT INTO reservas VALUES(66,76,0);
INSERT INTO reservas VALUES(66,77,0);
INSERT INTO reservas VALUES(66,78,0);
INSERT INTO reservas VALUES(66,79,0);
INSERT INTO reservas VALUES(66,80,0);
INSERT INTO reservas VALUES(66,81,0);
INSERT INTO reservas VALUES(66,82,0);
INSERT INTO reservas VALUES(66,83,0);
INSERT INTO reservas VALUES(66,84,0);
INSERT INTO reservas VALUES(66,85,0);
INSERT INTO reservas VALUES(66,86,0);
INSERT INTO reservas VALUES(66,87,0);
INSERT INTO reservas VALUES(66,88,0);
INSERT INTO reservas VALUES(66,89,0);
INSERT INTO reservas VALUES(66,90,0);

INSERT INTO reservas VALUES(67,61,0);
INSERT INTO reservas VALUES(67,62,0);
INSERT INTO reservas VALUES(67,63,0);
INSERT INTO reservas VALUES(67,64,0);
INSERT INTO reservas VALUES(67,65,0);
INSERT INTO reservas VALUES(67,66,0);
INSERT INTO reservas VALUES(67,67,0);
INSERT INTO reservas VALUES(67,68,0);
INSERT INTO reservas VALUES(67,69,0);
INSERT INTO reservas VALUES(67,70,0);
INSERT INTO reservas VALUES(67,71,0);
INSERT INTO reservas VALUES(67,72,0);
INSERT INTO reservas VALUES(67,73,0);
INSERT INTO reservas VALUES(67,74,0);
INSERT INTO reservas VALUES(67,75,0);
INSERT INTO reservas VALUES(67,76,0);
INSERT INTO reservas VALUES(67,77,0);
INSERT INTO reservas VALUES(67,78,0);
INSERT INTO reservas VALUES(67,79,0);
INSERT INTO reservas VALUES(67,80,0);
INSERT INTO reservas VALUES(67,81,0);
INSERT INTO reservas VALUES(67,82,0);
INSERT INTO reservas VALUES(67,83,0);
INSERT INTO reservas VALUES(67,84,0);
INSERT INTO reservas VALUES(67,85,0);
INSERT INTO reservas VALUES(67,86,0);
INSERT INTO reservas VALUES(67,87,0);
INSERT INTO reservas VALUES(67,88,0);
INSERT INTO reservas VALUES(67,89,0);
INSERT INTO reservas VALUES(67,90,0);

INSERT INTO reservas VALUES(68,61,0);
INSERT INTO reservas VALUES(68,62,0);
INSERT INTO reservas VALUES(68,63,0);
INSERT INTO reservas VALUES(68,64,0);
INSERT INTO reservas VALUES(68,65,0);
INSERT INTO reservas VALUES(68,66,0);
INSERT INTO reservas VALUES(68,67,0);
INSERT INTO reservas VALUES(68,68,0);
INSERT INTO reservas VALUES(68,69,0);
INSERT INTO reservas VALUES(68,70,0);
INSERT INTO reservas VALUES(68,71,0);
INSERT INTO reservas VALUES(68,72,0);
INSERT INTO reservas VALUES(68,73,0);
INSERT INTO reservas VALUES(68,74,0);
INSERT INTO reservas VALUES(68,75,0);
INSERT INTO reservas VALUES(68,76,0);
INSERT INTO reservas VALUES(68,77,0);
INSERT INTO reservas VALUES(68,78,0);
INSERT INTO reservas VALUES(68,79,0);
INSERT INTO reservas VALUES(68,80,0);
INSERT INTO reservas VALUES(68,81,0);
INSERT INTO reservas VALUES(68,82,0);
INSERT INTO reservas VALUES(68,83,0);
INSERT INTO reservas VALUES(68,84,0);
INSERT INTO reservas VALUES(68,85,0);
INSERT INTO reservas VALUES(68,86,0);
INSERT INTO reservas VALUES(68,87,0);
INSERT INTO reservas VALUES(68,88,0);
INSERT INTO reservas VALUES(68,89,0);
INSERT INTO reservas VALUES(68,90,0);

INSERT INTO reservas VALUES(69,61,0);
INSERT INTO reservas VALUES(69,62,0);
INSERT INTO reservas VALUES(69,63,0);
INSERT INTO reservas VALUES(69,64,0);
INSERT INTO reservas VALUES(69,65,0);
INSERT INTO reservas VALUES(69,66,0);
INSERT INTO reservas VALUES(69,67,0);
INSERT INTO reservas VALUES(69,68,0);
INSERT INTO reservas VALUES(69,69,0);
INSERT INTO reservas VALUES(69,70,0);
INSERT INTO reservas VALUES(69,71,0);
INSERT INTO reservas VALUES(69,72,0);
INSERT INTO reservas VALUES(69,73,0);
INSERT INTO reservas VALUES(69,74,0);
INSERT INTO reservas VALUES(69,75,0);
INSERT INTO reservas VALUES(69,76,0);
INSERT INTO reservas VALUES(69,77,0);
INSERT INTO reservas VALUES(69,78,0);
INSERT INTO reservas VALUES(69,79,0);
INSERT INTO reservas VALUES(69,80,0);
INSERT INTO reservas VALUES(69,81,0);
INSERT INTO reservas VALUES(69,82,0);
INSERT INTO reservas VALUES(69,83,0);
INSERT INTO reservas VALUES(69,84,0);
INSERT INTO reservas VALUES(69,85,0);
INSERT INTO reservas VALUES(69,86,0);
INSERT INTO reservas VALUES(69,87,0);
INSERT INTO reservas VALUES(69,88,0);
INSERT INTO reservas VALUES(69,89,0);
INSERT INTO reservas VALUES(69,90,0);

INSERT INTO reservas VALUES(70,61,0);
INSERT INTO reservas VALUES(70,62,0);
INSERT INTO reservas VALUES(70,63,0);
INSERT INTO reservas VALUES(70,64,0);
INSERT INTO reservas VALUES(70,65,0);
INSERT INTO reservas VALUES(70,66,0);
INSERT INTO reservas VALUES(70,67,0);
INSERT INTO reservas VALUES(70,68,0);
INSERT INTO reservas VALUES(70,69,0);
INSERT INTO reservas VALUES(70,70,0);
INSERT INTO reservas VALUES(70,71,0);
INSERT INTO reservas VALUES(70,72,0);
INSERT INTO reservas VALUES(70,73,0);
INSERT INTO reservas VALUES(70,74,0);
INSERT INTO reservas VALUES(70,75,0);
INSERT INTO reservas VALUES(70,76,0);
INSERT INTO reservas VALUES(70,77,0);
INSERT INTO reservas VALUES(70,78,0);
INSERT INTO reservas VALUES(70,79,0);
INSERT INTO reservas VALUES(70,80,0);
INSERT INTO reservas VALUES(70,81,0);
INSERT INTO reservas VALUES(70,82,0);
INSERT INTO reservas VALUES(70,83,0);
INSERT INTO reservas VALUES(70,84,0);
INSERT INTO reservas VALUES(70,85,0);
INSERT INTO reservas VALUES(70,86,0);
INSERT INTO reservas VALUES(70,87,0);
INSERT INTO reservas VALUES(70,88,0);
INSERT INTO reservas VALUES(70,89,0);
INSERT INTO reservas VALUES(70,90,0);

INSERT INTO reservas VALUES(71,91,0);
INSERT INTO reservas VALUES(71,92,0);
INSERT INTO reservas VALUES(71,93,0);
INSERT INTO reservas VALUES(71,94,0);
INSERT INTO reservas VALUES(71,95,0);
INSERT INTO reservas VALUES(71,96,0);
INSERT INTO reservas VALUES(71,97,0);
INSERT INTO reservas VALUES(71,98,0);
INSERT INTO reservas VALUES(71,99,0);
INSERT INTO reservas VALUES(71,100,0);
INSERT INTO reservas VALUES(71,101,0);
INSERT INTO reservas VALUES(71,102,0);
INSERT INTO reservas VALUES(71,103,0);
INSERT INTO reservas VALUES(71,104,0);
INSERT INTO reservas VALUES(71,105,0);
INSERT INTO reservas VALUES(71,106,0);
INSERT INTO reservas VALUES(71,107,0);
INSERT INTO reservas VALUES(71,108,0);
INSERT INTO reservas VALUES(71,109,0);
INSERT INTO reservas VALUES(71,110,0);
INSERT INTO reservas VALUES(71,111,0);
INSERT INTO reservas VALUES(71,112,0);
INSERT INTO reservas VALUES(71,113,0);
INSERT INTO reservas VALUES(71,114,0);
INSERT INTO reservas VALUES(71,115,0);
INSERT INTO reservas VALUES(71,116,0);
INSERT INTO reservas VALUES(71,117,0);
INSERT INTO reservas VALUES(71,118,0);
INSERT INTO reservas VALUES(71,119,0);
INSERT INTO reservas VALUES(71,120,0);

INSERT INTO reservas VALUES(72,91,0);
INSERT INTO reservas VALUES(72,92,0);
INSERT INTO reservas VALUES(72,93,0);
INSERT INTO reservas VALUES(72,94,0);
INSERT INTO reservas VALUES(72,95,0);
INSERT INTO reservas VALUES(72,96,0);
INSERT INTO reservas VALUES(72,97,0);
INSERT INTO reservas VALUES(72,98,0);
INSERT INTO reservas VALUES(72,99,0);
INSERT INTO reservas VALUES(72,100,0);
INSERT INTO reservas VALUES(72,101,0);
INSERT INTO reservas VALUES(72,102,0);
INSERT INTO reservas VALUES(72,103,0);
INSERT INTO reservas VALUES(72,104,0);
INSERT INTO reservas VALUES(72,105,0);
INSERT INTO reservas VALUES(72,106,0);
INSERT INTO reservas VALUES(72,107,0);
INSERT INTO reservas VALUES(72,108,0);
INSERT INTO reservas VALUES(72,109,0);
INSERT INTO reservas VALUES(72,110,0);
INSERT INTO reservas VALUES(72,111,0);
INSERT INTO reservas VALUES(72,112,0);
INSERT INTO reservas VALUES(72,113,0);
INSERT INTO reservas VALUES(72,114,0);
INSERT INTO reservas VALUES(72,115,0);
INSERT INTO reservas VALUES(72,116,0);
INSERT INTO reservas VALUES(72,117,0);
INSERT INTO reservas VALUES(72,118,0);
INSERT INTO reservas VALUES(72,119,0);
INSERT INTO reservas VALUES(72,120,0);

INSERT INTO reservas VALUES(73,91,0);
INSERT INTO reservas VALUES(73,92,0);
INSERT INTO reservas VALUES(73,93,0);
INSERT INTO reservas VALUES(73,94,0);
INSERT INTO reservas VALUES(73,95,0);
INSERT INTO reservas VALUES(73,96,0);
INSERT INTO reservas VALUES(73,97,0);
INSERT INTO reservas VALUES(73,98,0);
INSERT INTO reservas VALUES(73,99,0);
INSERT INTO reservas VALUES(73,100,0);
INSERT INTO reservas VALUES(73,101,0);
INSERT INTO reservas VALUES(73,102,0);
INSERT INTO reservas VALUES(73,103,0);
INSERT INTO reservas VALUES(73,104,0);
INSERT INTO reservas VALUES(73,105,0);
INSERT INTO reservas VALUES(73,106,0);
INSERT INTO reservas VALUES(73,107,0);
INSERT INTO reservas VALUES(73,108,0);
INSERT INTO reservas VALUES(73,109,0);
INSERT INTO reservas VALUES(73,110,0);
INSERT INTO reservas VALUES(73,111,0);
INSERT INTO reservas VALUES(73,112,0);
INSERT INTO reservas VALUES(73,113,0);
INSERT INTO reservas VALUES(73,114,0);
INSERT INTO reservas VALUES(73,115,0);
INSERT INTO reservas VALUES(73,116,0);
INSERT INTO reservas VALUES(73,117,0);
INSERT INTO reservas VALUES(73,118,0);
INSERT INTO reservas VALUES(73,119,0);
INSERT INTO reservas VALUES(73,120,0);

INSERT INTO reservas VALUES(74,91,0);
INSERT INTO reservas VALUES(74,92,0);
INSERT INTO reservas VALUES(74,93,0);
INSERT INTO reservas VALUES(74,94,0);
INSERT INTO reservas VALUES(74,95,0);
INSERT INTO reservas VALUES(74,96,0);
INSERT INTO reservas VALUES(74,97,0);
INSERT INTO reservas VALUES(74,98,0);
INSERT INTO reservas VALUES(74,99,0);
INSERT INTO reservas VALUES(74,100,0);
INSERT INTO reservas VALUES(74,101,0);
INSERT INTO reservas VALUES(74,102,0);
INSERT INTO reservas VALUES(74,103,0);
INSERT INTO reservas VALUES(74,104,0);
INSERT INTO reservas VALUES(74,105,0);
INSERT INTO reservas VALUES(74,106,0);
INSERT INTO reservas VALUES(74,107,0);
INSERT INTO reservas VALUES(74,108,0);
INSERT INTO reservas VALUES(74,109,0);
INSERT INTO reservas VALUES(74,110,0);
INSERT INTO reservas VALUES(74,111,0);
INSERT INTO reservas VALUES(74,112,0);
INSERT INTO reservas VALUES(74,113,0);
INSERT INTO reservas VALUES(71,114,0);
INSERT INTO reservas VALUES(74,115,0);
INSERT INTO reservas VALUES(74,116,0);
INSERT INTO reservas VALUES(74,117,0);
INSERT INTO reservas VALUES(74,118,0);
INSERT INTO reservas VALUES(74,119,0);
INSERT INTO reservas VALUES(74,120,0);

INSERT INTO reservas VALUES(75,91,0);
INSERT INTO reservas VALUES(75,92,0);
INSERT INTO reservas VALUES(75,93,0);
INSERT INTO reservas VALUES(75,94,0);
INSERT INTO reservas VALUES(75,95,0);
INSERT INTO reservas VALUES(75,96,0);
INSERT INTO reservas VALUES(75,97,0);
INSERT INTO reservas VALUES(75,98,0);
INSERT INTO reservas VALUES(75,99,0);
INSERT INTO reservas VALUES(75,100,0);
INSERT INTO reservas VALUES(75,101,0);
INSERT INTO reservas VALUES(75,102,0);
INSERT INTO reservas VALUES(75,103,0);
INSERT INTO reservas VALUES(75,104,0);
INSERT INTO reservas VALUES(75,105,0);
INSERT INTO reservas VALUES(75,106,0);
INSERT INTO reservas VALUES(75,107,0);
INSERT INTO reservas VALUES(75,108,0);
INSERT INTO reservas VALUES(75,109,0);
INSERT INTO reservas VALUES(75,110,0);
INSERT INTO reservas VALUES(75,111,0);
INSERT INTO reservas VALUES(75,112,0);
INSERT INTO reservas VALUES(75,113,0);
INSERT INTO reservas VALUES(75,114,0);
INSERT INTO reservas VALUES(75,115,0);
INSERT INTO reservas VALUES(75,116,0);
INSERT INTO reservas VALUES(75,117,0);
INSERT INTO reservas VALUES(75,118,0);
INSERT INTO reservas VALUES(75,119,0);
INSERT INTO reservas VALUES(75,120,0);

INSERT INTO reservas VALUES(76,91,0);
INSERT INTO reservas VALUES(76,92,0);
INSERT INTO reservas VALUES(76,93,0);
INSERT INTO reservas VALUES(76,94,0);
INSERT INTO reservas VALUES(76,95,0);
INSERT INTO reservas VALUES(76,96,0);
INSERT INTO reservas VALUES(76,97,0);
INSERT INTO reservas VALUES(76,98,0);
INSERT INTO reservas VALUES(76,99,0);
INSERT INTO reservas VALUES(76,100,0);
INSERT INTO reservas VALUES(76,101,0);
INSERT INTO reservas VALUES(76,102,0);
INSERT INTO reservas VALUES(76,103,0);
INSERT INTO reservas VALUES(76,104,0);
INSERT INTO reservas VALUES(76,105,0);
INSERT INTO reservas VALUES(76,106,0);
INSERT INTO reservas VALUES(76,107,0);
INSERT INTO reservas VALUES(76,108,0);
INSERT INTO reservas VALUES(76,109,0);
INSERT INTO reservas VALUES(76,110,0);
INSERT INTO reservas VALUES(76,111,0);
INSERT INTO reservas VALUES(76,112,0);
INSERT INTO reservas VALUES(76,113,0);
INSERT INTO reservas VALUES(76,114,0);
INSERT INTO reservas VALUES(76,115,0);
INSERT INTO reservas VALUES(76,116,0);
INSERT INTO reservas VALUES(76,117,0);
INSERT INTO reservas VALUES(76,118,0);
INSERT INTO reservas VALUES(76,119,0);
INSERT INTO reservas VALUES(76,120,0);

INSERT INTO reservas VALUES(77,91,0);
INSERT INTO reservas VALUES(77,92,0);
INSERT INTO reservas VALUES(77,93,0);
INSERT INTO reservas VALUES(77,94,0);
INSERT INTO reservas VALUES(77,95,0);
INSERT INTO reservas VALUES(77,96,0);
INSERT INTO reservas VALUES(77,97,0);
INSERT INTO reservas VALUES(77,98,0);
INSERT INTO reservas VALUES(77,99,0);
INSERT INTO reservas VALUES(77,100,0);
INSERT INTO reservas VALUES(77,101,0);
INSERT INTO reservas VALUES(77,102,0);
INSERT INTO reservas VALUES(77,103,0);
INSERT INTO reservas VALUES(77,104,0);
INSERT INTO reservas VALUES(77,105,0);
INSERT INTO reservas VALUES(77,106,0);
INSERT INTO reservas VALUES(77,107,0);
INSERT INTO reservas VALUES(77,108,0);
INSERT INTO reservas VALUES(77,109,0);
INSERT INTO reservas VALUES(77,110,0);
INSERT INTO reservas VALUES(77,111,0);
INSERT INTO reservas VALUES(77,112,0);
INSERT INTO reservas VALUES(77,113,0);
INSERT INTO reservas VALUES(77,114,0);
INSERT INTO reservas VALUES(77,115,0);
INSERT INTO reservas VALUES(77,116,0);
INSERT INTO reservas VALUES(77,117,0);
INSERT INTO reservas VALUES(77,118,0);
INSERT INTO reservas VALUES(77,119,0);
INSERT INTO reservas VALUES(77,120,0);

INSERT INTO reservas VALUES(78,91,0);
INSERT INTO reservas VALUES(78,92,0);
INSERT INTO reservas VALUES(78,93,0);
INSERT INTO reservas VALUES(78,94,0);
INSERT INTO reservas VALUES(78,95,0);
INSERT INTO reservas VALUES(78,96,0);
INSERT INTO reservas VALUES(78,97,0);
INSERT INTO reservas VALUES(78,98,0);
INSERT INTO reservas VALUES(78,99,0);
INSERT INTO reservas VALUES(78,100,0);
INSERT INTO reservas VALUES(78,101,0);
INSERT INTO reservas VALUES(78,102,0);
INSERT INTO reservas VALUES(78,103,0);
INSERT INTO reservas VALUES(78,104,0);
INSERT INTO reservas VALUES(78,105,0);
INSERT INTO reservas VALUES(78,106,0);
INSERT INTO reservas VALUES(78,107,0);
INSERT INTO reservas VALUES(78,108,0);
INSERT INTO reservas VALUES(78,109,0);
INSERT INTO reservas VALUES(78,110,0);
INSERT INTO reservas VALUES(78,111,0);
INSERT INTO reservas VALUES(78,112,0);
INSERT INTO reservas VALUES(78,113,0);
INSERT INTO reservas VALUES(78,114,0);
INSERT INTO reservas VALUES(78,115,0);
INSERT INTO reservas VALUES(78,116,0);
INSERT INTO reservas VALUES(78,117,0);
INSERT INTO reservas VALUES(78,118,0);
INSERT INTO reservas VALUES(78,119,0);
INSERT INTO reservas VALUES(78,120,0);

INSERT INTO reservas VALUES(79,91,0);
INSERT INTO reservas VALUES(79,92,0);
INSERT INTO reservas VALUES(79,93,0);
INSERT INTO reservas VALUES(79,94,0);
INSERT INTO reservas VALUES(79,95,0);
INSERT INTO reservas VALUES(79,96,0);
INSERT INTO reservas VALUES(79,97,0);
INSERT INTO reservas VALUES(79,98,0);
INSERT INTO reservas VALUES(79,99,0);
INSERT INTO reservas VALUES(79,100,0);
INSERT INTO reservas VALUES(79,101,0);
INSERT INTO reservas VALUES(79,102,0);
INSERT INTO reservas VALUES(79,103,0);
INSERT INTO reservas VALUES(79,104,0);
INSERT INTO reservas VALUES(79,105,0);
INSERT INTO reservas VALUES(79,106,0);
INSERT INTO reservas VALUES(79,107,0);
INSERT INTO reservas VALUES(79,108,0);
INSERT INTO reservas VALUES(79,109,0);
INSERT INTO reservas VALUES(79,110,0);
INSERT INTO reservas VALUES(79,111,0);
INSERT INTO reservas VALUES(79,112,0);
INSERT INTO reservas VALUES(79,113,0);
INSERT INTO reservas VALUES(79,114,0);
INSERT INTO reservas VALUES(79,115,0);
INSERT INTO reservas VALUES(79,116,0);
INSERT INTO reservas VALUES(79,117,0);
INSERT INTO reservas VALUES(79,118,0);
INSERT INTO reservas VALUES(79,119,0);
INSERT INTO reservas VALUES(79,120,0);

INSERT INTO reservas VALUES(80,91,0);
INSERT INTO reservas VALUES(80,92,0);
INSERT INTO reservas VALUES(80,93,0);
INSERT INTO reservas VALUES(80,94,0);
INSERT INTO reservas VALUES(80,95,0);
INSERT INTO reservas VALUES(80,96,0);
INSERT INTO reservas VALUES(80,97,0);
INSERT INTO reservas VALUES(80,98,0);
INSERT INTO reservas VALUES(80,99,0);
INSERT INTO reservas VALUES(80,100,0);
INSERT INTO reservas VALUES(80,101,0);
INSERT INTO reservas VALUES(80,102,0);
INSERT INTO reservas VALUES(80,103,0);
INSERT INTO reservas VALUES(80,104,0);
INSERT INTO reservas VALUES(80,105,0);
INSERT INTO reservas VALUES(80,106,0);
INSERT INTO reservas VALUES(80,107,0);
INSERT INTO reservas VALUES(80,108,0);
INSERT INTO reservas VALUES(80,109,0);
INSERT INTO reservas VALUES(80,110,0);
INSERT INTO reservas VALUES(80,111,0);
INSERT INTO reservas VALUES(80,112,0);
INSERT INTO reservas VALUES(80,113,0);
INSERT INTO reservas VALUES(80,114,0);
INSERT INTO reservas VALUES(80,115,0);
INSERT INTO reservas VALUES(80,116,0);
INSERT INTO reservas VALUES(80,117,0);
INSERT INTO reservas VALUES(80,118,0);
INSERT INTO reservas VALUES(80,119,0);
INSERT INTO reservas VALUES(80,120,0);